1,360,680,1120,1366,1696,2065,2434,2723,3140,3330,3601,3832,3946,4377,4503,4999,
1,308,316,625,391,509,996,1070,601,575,1010,1360,1168,1615,1687,2113,2504,2815,2691,2524,2790,3073,2888,3214,3210,3615,4072,4488,4725,4999,
1,299,707,1175,1324,1813,1470,1865,2291,2631,3026,3110,3283,3094,3538,3887,4199,4502,4999,
1,7,16,258,696,869,980,1156,1539,2034,1895,2342,2826,2946,3359,3465,3943,4029,4355,4764,4999,
1,432,399,512,773,1125,1013,1509,1817,2244,2731,3065,3287,3232,3435,3741,4205,4596,4999,
1,450,676,1044,1214,1526,1350,1670,1745,2040,2168,2571,2824,3162,3580,4060,4403,4552,4999,
1,480,339,501,762,1028,1419,1848,2326,2283,2561,2700,2400,2790,2822,3206,3403,3073,3566,3977,4477,4529,4999,
1,175,171,532,905,1270,1690,1715,1953,2245,2465,2681,3131,3416,3703,3896,4355,4781,4999,
1,400,734,863,1277,1168,1103,1116,1504,1896,2358,2291,2509,2921,3326,3784,4180,4613,4999,
1,492,612,811,923,1162,1485,1734,2159,2577,3029,3452,3886,3470,3654,4091,4542,4999,
1,222,468,919,1229,1054,1288,1662,2115,2462,2648,3095,3190,3667,3721,4140,4437,4899,4999,
1,352,758,1036,1536,1922,2056,2429,2559,2956,3335,3390,3655,4083,4106,4398,4687,4999,
1,476,521,725,836,1224,1630,1723,1757,1892,2302,2608,2936,3114,3556,3880,4075,4506,4999,
1,494,640,760,1183,1656,2100,2008,2043,2216,2428,2886,3381,3605,4030,4419,4777,4999,
1,51,449,939,1297,1524,1933,2044,2489,2838,3254,3331,2836,3138,3556,4031,4524,4999,
1,50,197,471,763,803,1282,1505,1614,2095,2039,2288,2728,3093,3503,3987,4327,4754,4999,
1,479,892,1032,1049,1226,1091,1104,1318,1277,1771,2088,2329,2785,3212,3481,3863,4350,4335,4505,4999,
1,273,152,626,1017,1365,1496,1868,1884,2147,1893,2168,2537,2920,3295,3502,3937,4195,4189,4306,4541,4999,
1,63,248,456,831,677,816,787,1182,1313,1618,1954,1654,1921,1857,2194,2607,3015,3250,3617,3762,3916,4384,4507,4999,
1,472,765,1132,1413,938,1384,1744,2168,2610,2898,3392,3821,4254,4159,4611,4999,
1,496,907,1245,1616,2037,2404,2784,3154,3626,4031,4501,4999,
1,109,72,220,445,333,793,764,1218,1623,2118,2601,2379,2620,2981,3311,3430,3528,3459,3690,4023,4517,4999,
1,369,816,1277,1490,1767,2012,2420,2589,2488,2949,3274,3601,4069,4404,4776,4999,
1,33,402,561,845,1243,1472,1606,1278,1232,1624,1654,2129,2296,2646,3011,3370,3755,4175,4418,4914,4999,
1,459,589,424,852,1228,940,1399,1766,1573,1772,2061,1873,1636,2033,2471,2641,3105,3305,3459,3952,4443,4886,4999,
1,461,476,888,607,1027,986,1313,1784,2231,2590,2834,3211,3606,3648,4144,4552,4999,
1,168,244,587,576,1046,1533,1664,1516,1758,1320,1808,1857,2270,2710,2963,3369,3774,3881,3825,4145,4618,4999,
1,335,491,925,712,827,1266,1634,1948,2111,2401,2710,3014,3509,3623,4106,4354,4633,4999,
1,163,473,665,652,1137,1095,1251,1371,1758,1990,2485,2813,3074,3501,3665,4091,4399,4775,4999,
1,462,427,894,1118,881,1255,1552,2023,2439,2670,3162,3420,3875,4351,4766,4999,
1,250,507,386,845,1277,1775,2160,2465,2782,3281,3312,3780,3986,4315,4720,4999,
1,380,833,1076,1374,880,1276,1364,1651,2027,2268,1967,2300,2745,3069,3376,3759,4090,4590,4999,
1,465,272,739,830,1191,1622,1889,1860,2278,2663,2871,2976,3406,3529,3889,4254,4513,4999,
1,161,446,876,493,464,859,1287,1678,2111,2596,3056,3516,3839,3954,4227,4681,4999,
1,143,472,942,876,1251,1454,1895,2078,1886,1933,2420,2797,3149,3352,3652,4072,4572,4999,
1,320,804,1272,1119,1475,1922,1803,2296,2718,3190,2910,3332,3574,3960,4074,4054,4486,4711,4999,
1,257,492,721,1206,1608,1669,1738,2076,2096,2034,2035,2311,2619,3103,3568,3560,3718,4055,4388,4764,4999,
1,264,505,921,1258,1697,2067,1842,2252,2415,2681,2714,3129,3567,4026,4469,4710,4999,
1,423,786,1134,1473,1327,1606,1927,2366,2619,2582,2408,2695,2768,3235,3397,3856,4186,4579,4999,
1,150,535,371,773,422,540,712,675,1034,1510,1596,1322,1543,1998,2294,2793,3031,3296,3630,3925,4102,4549,4999,
1,74,339,146,494,926,709,463,668,1113,1477,1760,2066,2227,2130,2495,2706,3013,3506,3997,4066,4534,4999,
1,18,231,48,114,134,186,441,839,1225,1688,1751,1776,1755,1910,2336,2773,3093,3388,3763,4090,4578,4999,
1,367,829,1108,969,1023,747,1161,1475,1891,2329,2778,2840,2999,3397,3480,3953,3937,4173,4333,4680,4999,
1,237,677,774,1271,1709,1718,1390,1507,1562,2032,2394,2389,2714,3209,3393,3118,3303,3564,3901,4155,4234,4580,4999,
1,131,228,528,717,1108,1117,1276,1379,1786,2269,2697,2591,2792,3202,3465,3917,4085,4508,4999,
1,13,7,54,397,624,935,967,1211,1527,1939,1923,2222,2060,2551,2948,3239,3677,4011,4035,4095,4500,4999,
1,139,247,713,1156,1186,1385,1672,1850,2297,2675,2507,2928,3271,3667,3820,4122,4201,4334,4394,4679,4999,
1,340,269,544,1002,1345,1058,1507,1851,1926,1927,2197,2634,2664,3117,3584,3990,4431,4893,4999,
1,342,614,1074,1070,1407,1659,1876,2339,2682,3114,3464,3534,4015,4169,3991,4284,4736,4999,
1,152,324,336,774,1221,1398,1780,1949,2278,2696,3126,3435,3882,4148,4516,4999,
1,498,394,700,363,656,1008,1168,1552,1747,2194,2233,2286,2735,2382,2552,2932,3278,3746,3795,3924,4288,4755,4999,
1,339,29,353,619,670,1163,1301,1590,1499,1615,1815,1985,2246,2047,2416,2888,3384,3802,4249,4259,4451,4909,4999,
1,67,558,871,1039,1236,1608,1878,1725,2178,2662,3135,3334,3765,3996,4368,4555,4999,
1,458,94,583,751,673,1032,1332,1428,1572,1632,2033,2331,2698,2719,2925,3397,3889,4226,4599,4999,
1,368,598,928,1230,1720,1449,1618,1703,1603,1297,1617,1807,2302,2269,2555,2843,3290,3591,3920,4204,4683,4999,
1,146,455,638,1074,1539,1832,1899,2267,2132,2516,2703,3033,3340,3734,4015,4503,4999,
1,277,303,297,582,338,639,957,1290,1274,1687,1845,2064,2032,2325,2439,2876,3188,3683,3908,4375,4816,4999,
1,189,639,371,541,979,700,738,1089,1335,1657,1524,1776,2229,2498,2983,3197,3481,3926,4166,4625,4999,
1,200,322,704,1043,889,1230,1148,1624,1865,2341,2815,3039,3492,3790,4259,4696,4999,
1,290,41,515,675,284,476,698,1101,1159,1491,1753,2023,2369,2735,3194,3547,4031,4132,4565,4999,
1,371,813,1045,1445,1186,804,1013,1505,1897,2008,2483,2974,3060,3258,3613,3988,4317,4680,4999,
1,234,205,341,820,1167,1485,1826,2235,2430,2897,3065,3057,3401,3427,3739,4110,4561,4999,
1,118,460,895,1309,1710,2117,2375,2822,2966,3257,3543,3887,3894,4114,4015,3980,4262,4681,4999,
1,354,590,758,726,765,650,908,1043,1243,1171,677,789,1244,1719,1837,2261,2344,2766,3262,3591,4058,4315,4758,4999,
1,237,347,716,1002,892,1277,1308,1391,1477,1655,1823,1482,1746,1687,1867,1950,2370,2738,3031,3347,3162,3403,3872,4159,4534,4999,
1,366,682,1182,1585,2049,2544,2794,3107,3387,3838,4285,4696,4999,
1,190,176,605,500,622,598,863,1306,1776,2164,2375,2715,3052,3251,3436,3584,4004,4391,4009,4482,4817,4999,
1,416,306,717,827,885,1264,1625,2090,2160,2431,2686,3117,3488,3837,4174,4205,4566,4999,
1,370,488,291,675,854,1332,1769,1816,2219,2079,1767,2059,1858,2253,2644,3080,3163,3662,4086,4581,4999,
1,308,620,215,557,991,1371,1474,1961,1952,2430,2913,3396,3620,4084,4556,4999,
1,341,354,770,1158,1308,1344,1786,2267,2226,2596,2930,3182,3638,3411,3624,3990,4261,4647,4999,
1,413,522,925,1210,1569,1299,1424,1364,1841,2172,2585,2880,3131,3599,4078,4011,4103,4300,4740,4999,
1,169,387,472,621,755,950,1423,1639,1686,1657,2157,1937,2213,2604,2996,3445,3559,4010,4481,4682,4999,
1,399,775,1270,1324,1712,2063,2250,2122,2411,2758,3250,3532,3846,4072,4144,4345,4562,4999,
1,314,59,310,544,1009,1017,1440,1106,1540,1834,2016,2480,2783,3086,2986,3420,3867,4133,4543,4999,
1,220,703,990,1355,1805,2261,2207,2480,2530,3008,3245,3664,3815,3735,4012,4438,4689,4999,
1,308,438,821,1253,1739,2201,2562,2822,2697,2962,3380,3611,3978,4476,4595,4999,
1,61,403,483,700,799,1121,1329,1317,1143,1450,1701,1861,2319,2756,3186,3570,3893,4019,4399,4529,4999,
1,336,611,948,1171,1573,2073,2539,2849,3114,3347,3043,3391,3777,4115,4550,4999,
1,362,454,781,793,751,1112,1447,1553,1622,1859,2100,2566,3024,3506,3707,3513,3609,3478,3970,4157,4241,4597,4999,
1,374,629,728,1228,1357,1667,1838,2109,2577,2544,2994,2791,3174,3412,3903,4275,4565,4999,
1,285,714,423,556,680,462,922,1325,1634,2067,2386,2795,2794,2811,3171,3608,4099,4535,4999,
1,197,497,733,867,1094,1487,1986,2259,2303,2736,3132,2847,3346,3397,3806,4044,4235,4582,4999,
1,365,662,306,540,850,1118,1368,1551,1992,2063,2506,2951,3404,3782,3759,4149,4282,4529,4999,
1,99,37,499,859,1005,1287,1525,1945,2194,2562,3053,3387,3686,4133,4554,4999,
1,465,898,1078,1451,1898,2185,2443,2734,3088,3370,3675,4167,4667,4999,
1,229,176,539,573,903,979,1469,1548,1581,1266,1699,1948,2422,2857,3266,3601,3553,3984,3808,4276,4764,4999,
1,82,331,320,775,1038,922,1334,1821,2171,2523,2581,3057,3001,3401,3898,4364,4820,4999,
1,238,616,894,1067,1417,1845,2255,2425,2419,2890,3067,3252,3177,3491,3684,4085,4550,4999,
1,444,406,772,1108,1557,2023,2435,2359,2626,2975,3386,3690,3745,4099,4180,4657,4999,
1,205,206,613,808,1231,1679,2019,2237,2717,3110,3320,3695,4062,4187,4614,4999,
1,98,325,661,796,1241,1608,1874,2240,2554,3046,3315,3091,3483,3559,3829,4285,4527,4999,
1,239,499,483,46,510,953,1131,1478,1465,1554,1940,2207,2518,2829,2885,3281,3673,4141,4517,4999,
1,126,97,454,582,1031,615,1086,1468,1574,1959,2165,2262,2658,2594,2916,3356,3447,3597,3943,4391,4851,4999,
1,272,712,1150,1576,1937,2050,2205,1818,2302,2577,2767,3058,3358,3666,4048,4290,4747,4999,
1,211,471,741,1062,1275,1419,1322,1119,1608,1721,2172,1826,2259,2615,3101,3556,3905,4091,4333,4592,4999,
1,180,658,1048,1084,1506,1577,2076,2274,2554,2731,2941,3001,3444,3919,3906,4089,4508,4999,
1,309,545,811,1150,1584,1415,1518,1959,2388,2825,3297,3438,3663,3719,3784,4112,4577,4999,
1,24,364,647,681,875,1155,1605,2093,2457,2854,3041,3392,3777,4148,4510,4999,
1,299,253,547,451,848,1173,1448,1155,1400,1720,2041,2423,2329,2745,3187,3560,3955,4306,4760,4999,
1,448,8,267,292,533,943,1420,1704,1886,2224,2349,2762,3211,3514,3871,4254,4681,4999,
1,368,661,165,319,482,480,552,660,1126,888,1367,1728,1566,1896,2247,2180,2642,3139,3442,3937,4193,4667,4999,
1,126,625,437,769,540,846,1183,1682,1845,2292,2744,3239,3643,3834,4252,4620,4999,
1,303,286,672,1016,1483,1981,1983,2473,2060,2404,2787,2969,3329,3571,4014,4207,4211,4111,4601,4999,
1,435,561,944,1392,1703,1545,1812,1916,1971,2064,2373,2501,2597,3094,3524,3798,4171,4656,4999,
1,339,478,653,1104,1174,821,1042,1331,1652,1908,2400,2631,2789,2868,3261,3352,3839,4281,4102,4598,4999,
1,106,317,699,1019,1506,1970,2439,2248,2667,2837,3309,3627,4123,4249,4717,4999,
1,241,476,653,643,1041,1122,1591,1922,2389,2760,3247,2802,3243,3550,3841,4294,4769,4999,
1,474,782,1168,1445,1737,2141,2640,3047,3237,3684,4166,4572,4999,
1,301,90,22,216,657,1068,1128,1006,1387,1828,2300,2372,2441,2937,2854,2919,2974,3464,3583,4062,4170,4599,4999,
1,331,678,931,1198,1004,1404,1795,2152,2079,2150,2650,2920,3313,3800,4125,4397,4884,4999,
1,450,617,145,73,572,1046,1400,1663,1639,2057,2511,2962,3061,3327,3742,4139,4573,4999,
1,67,481,785,1074,1556,1190,779,887,1093,1400,1685,2139,2586,2686,3033,3363,3256,3134,3399,3273,3766,4167,4229,4686,4999,
1,201,568,379,687,980,1209,1535,1910,2245,2656,2971,3348,3824,4201,4678,4999,
1,225,209,366,555,508,545,649,998,1359,1191,1624,1737,2201,2632,3062,3557,3757,4191,4541,4999,
1,292,683,1177,1095,1232,1729,2038,1947,2334,1936,2179,2597,2905,3134,3333,3473,3967,4351,4329,4529,4999,
1,348,32,207,691,860,1160,1318,1806,2238,2609,2849,3330,3773,3998,4355,4511,4999,
1,62,481,834,794,1120,883,1271,1723,2123,2565,3045,3473,3608,3978,4428,4659,4999,
1,375,414,523,587,962,1113,988,1373,1551,1397,1784,2065,2470,2962,3298,3714,4045,4241,4701,4999,
1,293,164,277,699,506,919,1222,1410,1680,1811,2283,2545,2861,3334,3502,3982,4145,4346,4655,4999,
1,52,182,655,1000,1467,1693,2027,2333,2610,3078,3165,3615,4068,4523,4999,
1,470,760,991,1303,1041,1344,859,1205,1572,1926,2332,2653,3126,2977,3205,3239,3609,3861,4294,4695,4999,
1,281,660,713,992,1348,1103,1430,1612,1945,2387,2683,3138,3505,3939,4378,4813,4999,
1,313,726,982,1465,1240,1441,1262,1718,2102,2513,2580,2684,2943,3387,3691,3555,3910,4381,4826,4999,
1,252,162,647,982,1452,1681,2040,2316,2735,3102,2973,3327,3808,3937,4364,4391,4648,4999,
1,460,897,950,1274,1764,1902,2296,2650,2701,2891,3001,3123,3429,3811,3903,4119,4592,4999,
1,94,124,451,532,569,1064,1410,1741,2198,2143,2084,2532,2382,2270,2090,2214,2695,3079,3475,3788,3377,3874,4350,4767,4999,
1,50,191,424,707,812,1063,1171,989,1284,1732,2075,2497,2941,3283,3607,3829,3484,3841,4170,4665,4999,
1,34,32,68,383,829,964,1385,1858,1992,2079,2545,2601,2543,2583,3056,3139,3556,3709,3935,4296,4542,4999,
1,302,330,680,884,654,456,595,924,1301,1385,1538,1757,1764,1652,1939,2272,2309,2555,2747,3079,3373,3869,4271,4247,4548,4999,
1,246,704,1087,1207,1364,1327,1795,2214,2454,2948,3074,3241,3679,3752,3790,4156,4087,4288,4736,4999,
1,193,391,865,1293,1523,1723,1453,1265,1630,1841,2277,2713,3180,3462,3627,3865,4107,4503,4999,
1,16,425,383,880,1050,1448,1815,2206,1862,2005,2347,2809,3029,2955,3426,3871,3753,3978,3971,4434,4866,4999,
1,393,235,305,789,1109,1125,1145,1635,1861,2256,2693,2740,2833,2613,3034,3414,3881,4114,4468,4782,4999,
1,305,690,1131,1505,1499,1825,2232,2704,3090,3507,3920,4373,4756,4999,
1,496,953,1187,1363,1567,1403,1506,1898,2256,2567,2930,3428,3696,3785,4283,4366,3995,4233,4553,4999,
1,58,367,462,568,268,679,1029,1426,1846,2263,2434,2790,2955,3050,3055,3399,3811,4305,4691,4999,
1,414,247,628,742,809,1078,583,988,789,948,1361,1399,1813,2121,2499,2204,2617,2321,2615,3079,3558,3772,4142,4503,4999,
1,12,318,505,242,551,986,1334,1641,1959,1964,2218,2702,2830,2794,3186,3630,3838,4112,4533,4999,
1,206,458,932,1426,1907,1963,2235,2705,2372,2701,2485,2824,2922,3305,3535,3421,3875,4251,4566,4999,
1,98,106,567,545,964,880,1072,1555,1673,1731,2073,2414,2899,3397,3647,4054,4522,4999,
1,178,402,687,885,915,1001,1391,1832,2320,2594,3017,3468,3830,3804,4066,4162,4647,4999,
1,426,773,779,1262,1601,2068,2524,2526,2503,2971,3272,3751,4212,4611,4999,
1,241,656,484,931,1190,1476,1182,1164,1050,1285,1517,1952,2322,2403,2825,3269,3298,3667,3918,4259,4605,4999,
1,313,368,573,768,938,781,1135,1485,1918,1712,1919,2188,1982,2269,2542,2507,2972,3268,3435,3580,3335,3438,3758,4227,4628,4999,
1,346,840,826,864,1215,979,1419,1238,1727,1740,2171,1937,2090,2203,2667,3156,3429,3867,4154,4245,4673,4999,
1,164,554,1025,1462,1896,2133,2354,2586,3082,3292,3687,3966,4154,4533,4999,
1,398,896,1310,1666,2037,2529,2328,2522,3016,3387,3498,3516,3777,3702,4089,4312,4692,4999,
1,38,101,476,513,388,454,909,1352,1804,1998,2285,2748,3169,3614,3792,4196,4523,4999,
1,492,30,510,630,1004,1357,1838,2269,2718,3103,3454,3883,4278,4689,4999,
1,375,795,1029,919,1353,1792,2285,2736,2808,2984,3123,3307,3394,3879,4285,4384,4847,4999,
1,325,412,219,490,882,1301,1274,1320,1773,2137,2290,2709,3088,3393,3574,3951,4279,4682,4999,
1,495,630,935,666,606,952,1022,1056,1396,1784,2215,2397,2692,3106,3192,3666,4082,4150,4432,4653,4999,
1,36,216,357,819,1275,1311,1399,1719,2021,2420,2793,3019,3440,3621,3515,3662,3833,4120,4156,4600,4999,
1,380,449,308,536,123,610,1044,1467,1532,1912,2324,2443,2937,3424,3872,4201,4558,4999,
1,45,530,802,885,1201,1494,1666,1781,1890,2167,2630,2991,3361,3310,3005,3478,3855,4300,4672,4999,
1,388,284,549,754,1036,1042,1254,1626,1691,2122,2385,2742,3053,2656,3129,3540,3465,3958,4086,4511,4999,
1,405,635,376,311,637,1126,1319,1448,1766,2193,2276,2599,3071,3136,3438,3924,4107,4328,4775,4999,
1,128,155,646,1145,1485,1808,2265,2610,2957,3350,3788,3841,3986,4246,4680,4999,
1,251,146,446,839,1213,1701,1866,2130,1760,2092,2559,2428,2826,2572,2796,3154,3331,3633,3997,4400,4874,4999,
1,379,105,273,567,489,966,1233,1349,1624,2069,2357,2757,2810,3280,3740,4193,4686,4999,
1,96,112,566,812,1205,1654,1863,2140,2301,2476,2906,2879,3103,3569,3899,4222,4670,4999,
1,181,441,167,331,785,1112,1506,1795,2276,2772,2643,3045,3361,3682,4005,3974,4255,4465,4594,4999,
1,166,408,638,684,916,1163,1526,1905,2380,2796,2822,2635,3089,3273,3636,3770,4230,4589,4999,
1,349,595,926,1419,1897,1854,2274,2767,3182,3267,3522,3791,4018,4505,4999,
1,449,551,1001,1368,1847,2052,2408,2815,3304,3559,3475,3513,3937,4347,4615,4999,
1,384,781,1085,675,803,1281,1634,2020,1813,2173,2580,2591,2513,2648,3105,3547,3968,4042,4356,4762,4999,
1,187,257,470,902,1130,1009,1159,1576,1790,2266,2759,3215,3377,3795,4122,4076,4509,4999,
1,441,624,763,923,934,1255,1680,2097,2488,2857,3322,3329,3506,3708,4180,4581,4999,
1,3,191,617,937,1113,1432,1841,2022,2117,2326,2618,3043,3361,3802,4257,4708,4999,
1,406,890,1013,1107,1593,1495,1954,2389,2744,3077,3397,3556,3827,3737,4155,4609,4999,
1,193,486,885,1108,987,888,743,974,1070,1531,1988,2445,2888,3052,3107,3397,3382,3718,4167,4502,4999,
1,95,355,661,858,1303,1098,1271,1770,2020,2250,2510,2921,3397,3742,4202,4146,4630,4999,
1,226,604,499,759,1138,1360,1740,2188,2609,2989,3481,3836,4124,4519,4999,
1,450,491,818,1312,1812,1884,2194,2563,2944,3344,2993,3435,3706,3848,4295,4284,4521,4999,
1,416,517,384,132,309,323,706,1195,1683,1718,2208,2349,2720,2998,3378,3747,4065,4534,4999,
1,400,802,989,1393,1316,1597,2028,2504,2820,2849,3223,3377,3229,3639,3669,4131,4511,4999,
1,381,393,876,1138,1622,2004,2401,2870,3041,3087,2830,2977,3471,3938,4255,4644,4999,
1,32,472,757,1205,722,1047,1458,1613,1891,2350,2515,3004,3207,3644,4040,4539,4999,
1,392,767,946,1388,1545,1700,1736,2121,2340,2666,2988,3440,3906,4013,4509,4999,
1,337,323,348,646,577,984,736,1032,1513,1965,2346,2786,3098,3497,3783,3814,4264,4325,4531,4999,
1,483,352,680,1090,1523,1881,2182,2056,1919,2147,2470,2921,3297,3780,4226,4228,4340,4594,4999,
1,71,560,908,1376,1626,2105,2009,2142,2304,2774,3210,3699,4118,4540,4999,
1,152,447,560,268,54,336,800,981,984,1393,1890,1913,2315,2748,2972,2767,2939,3134,3188,3487,3784,4183,4178,4525,4999,
1,337,733,590,754,894,1086,1568,1907,2107,2483,2979,2986,2934,3302,3782,4110,3695,4053,4534,4999,
1,316,198,669,183,155,631,813,930,1367,1787,2237,2264,2700,3133,3326,3737,3980,4416,4853,4999,
1,295,294,228,623,887,1222,1664,2145,2494,2658,3116,3516,4000,4211,4545,4999,
1,163,476,938,1387,1465,1637,1687,1807,2286,2512,2858,3212,3669,3838,4220,4357,4510,4999,
1,465,944,942,770,1252,1645,1740,2210,1960,2340,2083,1813,2218,2626,2792,2936,3419,3910,4384,4601,4999,
1,440,903,1401,1635,2086,2401,2660,3086,3437,3289,3776,4002,3718,4131,4519,4999,
1,426,623,829,1159,852,1304,952,1377,1536,1959,2069,1836,1986,2048,2329,2768,3253,3694,4072,4386,4713,4999,
1,151,77,132,136,409,773,1102,1393,1771,2112,2149,2178,2627,3093,3427,3742,3989,4441,4810,4999,
1,100,473,393,863,1330,1791,2010,2057,2273,2523,2917,3356,3706,3632,3561,4024,4501,4999,
1,354,632,169,447,840,705,864,778,1263,1181,1341,1059,1398,1638,1895,2132,2139,2465,2709,3045,3431,3931,4262,4762,4999,
1,337,462,803,1106,1300,1205,1701,1474,1889,2282,2336,2638,2882,3311,3756,4049,4415,4860,4999,
1,101,246,460,719,756,1107,1599,2083,2524,2979,3330,3787,4165,4052,4530,4999,
1,224,116,367,275,508,303,553,830,1280,1742,2026,2200,2648,3122,3526,3950,4439,4608,4999,
1,475,715,1159,1563,1459,1817,2009,2179,2544,2927,3397,3371,3839,4299,4616,4999,
1,462,936,719,908,1220,1121,1536,1815,2094,2241,2223,2178,2644,3134,3599,3809,4248,4716,4999,
1,253,667,576,457,796,1212,1535,1728,1846,2103,2287,2733,3156,3302,3474,3240,3525,3708,4061,4082,4504,4999,
1,351,148,615,775,1130,1063,1406,1449,1615,1693,2091,2452,2707,2940,3432,3655,4073,4527,4999,
1,375,612,852,1265,1542,1436,1920,2420,2916,3289,3355,3563,3648,3787,4124,4623,4999,
1,245,745,389,355,764,1134,1346,1813,2105,2498,2970,3293,3775,4197,4567,4999,
1,159,186,646,816,787,1140,1619,1837,2254,2582,2754,2781,3180,3617,3775,4077,3779,4211,4606,4999,
1,6,460,701,1168,875,1228,1466,1710,2161,2625,2826,2956,2941,3291,3670,4069,4543,4999,
1,3,172,619,1026,1449,1777,2130,2562,2936,3320,3801,4272,4521,4999,
1,214,545,861,1044,1347,1813,1506,1908,1970,2257,2622,2746,3155,3566,3980,4253,4555,4999,
1,282,307,454,639,1034,1092,1446,1898,1679,1981,1909,2355,2737,3058,3460,3676,3959,4430,4243,4720,4999,
1,436,608,492,744,789,1286,1766,1875,2317,2754,3075,2851,3291,3660,3933,4408,4687,4999,
1,317,543,928,806,1272,1760,1427,1892,2100,2568,2872,3341,3157,3421,3591,3915,4303,4518,4999,
1,424,889,1373,1807,2248,2011,1894,2376,2715,3155,3230,3641,3989,4204,4678,4999,
1,397,732,573,995,1429,1821,1845,1958,2337,2659,3035,3484,3490,3909,3512,3893,4248,4580,4999,
1,133,26,504,648,273,767,865,829,1314,1525,1940,2295,2779,3262,2882,3223,3533,3997,4481,4680,4999,
1,455,784,1109,1278,1729,2186,2500,2997,3452,3160,3268,3563,3918,4004,4131,4102,4510,4999,
1,325,497,276,558,875,1362,1350,1765,2257,1978,2268,2762,3042,3524,3749,4233,4595,4999,
1,305,657,1004,1105,922,1233,1386,1619,1988,2260,2673,3170,3369,3772,4215,4536,4999,
1,80,453,40,407,634,405,506,747,908,958,1167,1450,1926,2176,2451,2783,3127,3383,3582,4026,4513,4999,
1,344,574,1073,749,1105,1325,1807,1780,2149,2042,2538,2902,3358,3532,3774,3643,3970,4425,4454,4602,4999,
1,354,800,1093,1351,1816,2054,2311,2656,2423,2377,2811,3261,3300,3401,3878,4075,4326,4303,4571,4999,
1,73,558,889,1325,1792,1612,1672,2172,2508,2939,3358,3638,4046,4403,4327,4810,4999,
1,343,454,600,1092,837,999,990,1397,1779,1731,2229,2594,2720,3026,3209,3685,3960,4284,4149,4029,4515,4999,
1,227,303,733,841,1249,1664,1980,2084,2579,2578,2739,3160,2854,3169,3494,3818,4139,4632,4999,
1,415,24,352,681,760,976,1358,945,1156,1536,1755,2112,2589,2395,2632,2374,2704,3031,3363,3791,4237,4699,4999,
1,245,733,270,139,616,1052,1022,1253,1681,2110,2451,2661,2971,3295,3742,4241,4571,4999,
1,148,198,443,441,146,139,623,1064,1503,1902,1903,2136,2253,2392,2820,3246,3438,3377,3872,4170,4596,4999,
1,46,399,550,795,1175,1373,1570,2021,1968,1767,1732,2162,2660,2895,3201,3305,3796,4101,4413,4685,4999,
1,174,290,627,922,790,1236,1619,1828,2296,2513,2501,2941,3186,3583,3955,4374,4783,4999,
1,417,100,576,880,1165,1121,1353,1666,1990,2271,2765,2939,3210,3539,3808,4178,4503,4999,
1,424,313,433,883,809,1168,1422,1621,1605,2062,2158,2532,3012,3275,3036,3106,2975,3450,3914,4094,4055,4057,4515,4999,
1,302,698,897,1062,1234,1595,1353,1797,2248,2596,2783,3155,3467,3596,3930,4414,4681,4999,
1,264,494,902,712,1013,1411,1873,2192,2622,2529,2914,3269,3687,4164,4588,4999,
1,88,340,694,1115,1235,1468,1341,1823,2008,2345,2470,2771,3227,3633,4072,4549,4999,
1,437,775,1220,1552,1827,1888,2353,2224,2185,2552,2962,3435,3848,4081,4502,4999,
1,389,802,1229,1665,1918,1641,2127,1683,1876,2319,2566,2827,3254,3366,3851,4297,4405,4791,4999,
1,7,90,479,756,1190,738,632,900,1081,1470,1844,2082,2541,2785,3156,3213,3068,3526,3776,3616,3754,4083,4458,4617,4999,
1,93,437,863,922,1295,1371,1786,1556,1497,1905,1981,2275,2733,3056,3454,3233,3611,4002,4387,4646,4999,
1,326,819,741,1234,1071,1558,2003,2471,2844,2538,2977,2951,3437,3845,3881,4289,4611,4999,
1,431,796,990,748,1241,1547,1224,1682,2075,2523,2593,2650,2903,2848,3159,2950,3347,3783,3399,3796,4108,4548,4999,
1,85,221,431,812,1048,1358,1685,1992,2434,2851,2766,3219,3647,3722,3817,4240,4677,4999,
1,258,651,1071,1100,1248,1253,1620,1890,2234,1822,2250,1970,2394,2711,3111,3577,3951,4387,4383,4868,4999,
1,496,707,1159,1633,2114,2423,2688,2743,3240,3524,3658,4139,4372,4751,4999,
1,470,878,960,748,1227,1623,2093,1811,2193,2107,1807,2303,2574,2894,3382,3850,3821,4211,4665,4999,
1,330,745,1076,1343,1399,1868,2358,2697,3184,3156,3340,3598,4094,4537,4999,
1,320,383,464,633,720,1046,1533,1926,2003,2407,2791,3227,3619,4098,4545,4999,
1,449,844,1317,1521,1885,1901,2305,2413,2786,2639,2594,2982,2907,3369,3788,4241,4303,4622,4999,
1,430,605,442,712,1122,1156,1054,1411,1898,2194,2322,2638,3054,3505,3561,3965,3829,4276,4582,4999,
1,293,743,1122,1516,2000,2155,2490,2983,3470,3395,3611,3841,3975,4343,4686,4999,
1,0,252,47,357,816,1004,1442,1530,2006,1883,2274,2488,2732,3219,3129,3545,3746,4168,4656,4999,
1,179,653,360,531,647,1044,1313,984,1379,1876,2311,2605,2622,3118,3578,3836,3944,4365,4817,4999,
1,291,97,300,570,839,1323,1797,1981,2278,2285,2135,2505,2785,3168,3580,3936,4398,4580,4999,
1,97,241,701,1145,1558,2020,2408,2829,3210,3384,3852,3515,3936,4357,4844,4999,
1,325,226,615,169,532,928,1251,1741,1422,1918,2390,2754,2627,2929,3165,3384,3869,3891,4284,4774,4999,
1,474,731,1008,968,1117,1551,1859,1839,1955,1930,2206,2609,2811,3270,3674,4080,4190,4595,4999,
1,418,533,779,317,60,545,590,966,883,1211,1290,1729,1889,2381,2626,2967,3179,3175,3588,3840,4158,4507,4999,
1,89,97,504,841,1135,1565,1828,2260,2649,3095,2901,3379,3638,3672,4147,4528,4999,
1,426,791,544,859,388,479,733,1051,1516,1977,2094,2222,2329,2446,2741,2479,2899,2783,3236,3683,3831,4328,4213,4713,4999,
1,324,684,479,910,443,720,1162,1035,1480,1543,1799,1641,1822,1554,1990,2397,2869,3238,3485,3510,3900,4217,4673,4999,
1,42,356,640,993,1235,1619,1567,1521,1749,2136,2276,2503,2989,3179,3432,3711,4187,4160,4543,4999,
1,484,931,1122,1543,1754,2190,2123,2328,2487,2920,3411,3363,3827,4314,4205,4403,4629,4999,
1,273,584,764,1186,1632,1319,1338,1596,2091,2584,3051,3115,3607,4044,4430,4593,4999,
1,85,353,659,925,1151,1612,2053,2196,2250,2665,2691,3108,3465,3950,4186,4656,4999,
1,294,687,1168,1571,1702,2166,2647,2871,3292,3628,4045,4256,4613,4999,
1,127,263,461,162,648,823,720,1212,1316,1129,1442,1757,2220,2701,2774,3061,3512,3915,3939,3736,3867,4294,4738,4999,
1,469,819,1178,1399,1558,1995,2197,2665,2752,3006,3240,3417,3553,3221,3698,3418,3740,4128,4507,4999,
1,149,610,500,546,882,989,1035,1496,1889,2232,2695,3008,3313,3798,4199,4289,4661,4999,
1,58,349,699,688,197,359,657,954,1140,1421,1910,2333,2781,2300,2755,3111,3431,3504,3853,3836,3713,4051,4179,4578,4999,
1,119,513,821,1000,1239,1710,1854,2299,2714,2997,3448,3436,3648,4063,4534,4999,
1,457,800,1146,1405,1603,1828,1894,1445,1913,2016,2373,2758,3248,3263,3666,3699,4075,4568,4999,
1,164,421,358,583,870,914,1192,1397,1666,1283,1522,1721,2209,2700,3015,3402,3796,4256,4233,4462,4610,4999,
1,438,746,824,1134,874,917,1294,1746,2125,2078,2507,2960,3330,3683,4052,4504,4999,
1,456,252,659,1153,1429,1482,1937,2212,2579,3061,3331,3566,3699,4159,4594,4999,
1,320,547,789,1179,1470,1758,1729,2181,2183,2347,2217,2521,2440,2726,3209,3257,3259,3714,3998,3919,4264,4536,4999,
1,440,93,422,879,461,863,1041,874,1151,1566,2057,2317,2639,3096,3374,3687,4075,4541,4999,
1,286,766,1201,1679,2132,2093,2361,2020,2462,2734,2642,3024,3456,3852,4130,4582,4999,
1,287,666,190,675,1040,1114,1399,1270,1467,1931,2361,2563,3015,3491,3710,4031,4351,4626,4999,
1,57,523,915,1321,1793,1699,2019,2283,2100,2107,2183,2416,2892,3228,3474,3934,4103,4189,4265,4502,4999,
1,154,349,119,298,681,576,1057,1520,2007,1832,2293,2712,3135,3449,3945,4155,4653,4999,
1,168,584,390,828,801,1189,1579,2076,2470,2720,3190,3363,3862,3967,4316,4666,4999,
1,193,64,477,627,927,1304,1349,1806,2260,2543,2991,3456,3724,4171,4266,4724,4999,
1,426,556,671,780,1248,1690,2057,2185,2074,2549,2757,3033,3471,3764,3685,4002,4063,4535,4999,
1,61,276,642,290,103,470,929,1382,1800,2271,2472,2880,2585,3065,3557,3659,4100,4126,4407,4753,4999,
1,194,106,449,897,1144,1234,1470,1883,2155,2649,2310,2683,3062,2973,3139,3618,4018,4323,4625,4999,
1,399,736,1013,735,1085,1562,1983,2167,2398,2257,2614,2480,2916,3302,2855,3049,3544,4004,4310,4788,4999,
1,105,114,36,2,304,371,649,996,1270,1375,1847,2175,2270,2759,2833,3102,3492,3926,4392,4494,4791,4999,
1,29,220,401,722,443,428,896,1330,1595,1827,1809,2136,2607,2933,2927,3247,3649,3972,4193,4612,4999,
1,395,539,294,786,1047,1063,1258,1334,1593,2045,2434,2897,3077,3014,3393,3552,4006,4297,4402,4874,4999,
1,94,168,487,477,874,792,1003,1008,940,1177,1483,1692,2024,1969,2351,2791,2770,2611,3078,3051,3386,3794,3956,4311,4735,4999,
1,423,582,918,1373,1847,1868,2061,2430,2844,2818,3156,3510,3565,3923,4199,4512,4999,
1,368,556,380,822,1078,1447,1797,2176,2357,2607,3072,3481,3780,3913,4125,4611,4999,
1,313,756,1119,1220,1519,1748,2221,2437,2747,3004,3244,3676,3844,4267,4588,4999,
1,18,315,75,16,371,633,982,1310,1617,1953,1778,2215,2689,3022,3350,3529,4012,4185,4679,4999,
1,436,794,768,909,889,826,1301,1717,2207,2278,2090,2476,2960,3432,3753,4236,4661,4999,
1,388,740,1150,1122,748,1113,1366,1582,2072,2331,2083,2459,2957,3112,3484,3543,3822,4085,4543,4999,
1,402,359,567,903,976,1368,1651,2100,2525,3019,3464,3941,4283,4552,4999,
1,309,781,896,1010,1201,1515,1870,1809,1682,2111,2517,2770,3026,3507,3624,3859,4270,4596,4999,
1,50,474,798,616,386,770,987,1051,1012,1508,1874,2362,2701,3088,3334,3606,4079,4052,4204,4526,4999,
1,277,561,113,597,720,1116,1444,1487,1770,2264,2462,2929,3166,2698,2961,3089,3347,3546,4000,4078,4478,4729,4999,
1,25,449,569,234,666,1006,1175,1213,1380,1542,2015,1976,2420,2622,2644,2816,3282,3612,4007,4488,4906,4999,
1,79,558,965,628,334,764,1147,1279,1765,2183,2340,2486,2916,3082,3483,3883,4214,4577,4999,
1,376,736,825,1134,1296,1404,1879,2371,2405,2535,2565,2921,3127,3389,2956,2861,3249,3744,3543,3491,3866,4242,3861,4286,4628,4999,
1,121,302,483,518,635,790,1180,845,1098,1314,1778,2231,2682,3119,3587,3979,4159,4488,4954,4999,
1,435,326,721,1090,661,316,477,712,662,794,1249,1651,1958,2455,2758,3118,3532,3495,3885,4104,4503,4999,
1,365,600,566,905,1343,1516,1998,2476,2608,2677,3100,3565,3585,3650,4034,3670,4157,4519,4999,
1,262,544,986,1450,1262,1507,1811,1911,2397,2172,2636,2933,3430,3427,3785,4279,4665,4999,
1,140,301,389,519,878,1182,1532,1385,1351,1066,1366,1750,2239,2506,2554,2831,3319,3706,3973,3881,3514,3966,4058,4554,4999,
1,36,510,970,1135,1554,1870,2274,2703,2657,2569,3013,3448,3558,3882,4015,4019,4422,4727,4999,
1,318,539,113,111,605,176,537,525,1025,1140,1558,1888,2348,2517,2938,3280,3758,3766,4004,4282,4757,4999,
1,255,299,599,878,1354,1795,2031,2121,2572,3021,3406,3769,4029,3815,4313,4691,4999,
1,295,473,823,897,1311,1404,1796,2223,2342,2707,2715,3165,3624,4119,4565,4999,
1,374,744,1047,912,1408,1595,1997,2385,2717,3130,3183,3674,4112,4551,4999,
1,108,296,626,414,30,319,452,596,431,882,1360,1758,2146,2508,2662,3048,3177,2924,2996,3476,3949,4221,4570,4999,
1,73,370,653,519,950,1177,1561,1920,2273,1835,1938,2331,2582,3021,2594,3083,3452,3952,4383,4662,4999,
1,138,272,508,889,1360,1691,1763,2134,2505,2412,2804,3062,3561,4051,4540,4999,
1,296,305,765,878,680,787,1183,1504,1942,2326,2489,2936,3275,3736,3801,3896,4217,4598,4999,
1,154,387,786,1051,1488,1932,2287,2647,2898,2746,2400,2522,2642,3107,3522,3816,4197,4516,4999,
1,417,395,713,787,642,1062,1514,2000,2449,2538,2415,2799,2697,3184,3635,4052,4552,4999,
1,33,433,795,1256,1522,1115,1169,1484,1376,1224,1714,2181,2609,3006,3298,3623,4013,4115,4564,4999,
1,278,619,599,1080,1379,1754,2176,2485,2767,3223,2775,3209,3401,3758,4139,4342,4561,4999,
1,28,492,562,502,353,495,675,1108,636,139,456,433,914,1378,1570,1769,2011,2455,2479,2571,3007,3260,3199,3664,4073,4284,4713,4999,
1,477,359,489,373,675,792,1204,1295,1681,1965,1598,1790,2179,2315,2693,2935,3081,3482,3972,3911,3800,4182,4522,4999,
1,102,354,607,666,895,1244,1439,1116,1225,1333,1833,2155,2618,3094,3506,3992,4399,4263,4755,4999,
1,250,543,952,862,814,1186,1465,1950,1850,2184,2575,2808,2656,3113,3471,3606,4020,3746,4199,4559,4999,
1,252,295,756,1249,1687,1789,2201,2601,2257,2305,1960,2382,2490,2800,3238,3524,3917,4126,4588,4999,
1,127,465,263,274,717,1154,1514,1537,1262,1762,2199,2541,2813,3216,3714,4101,4544,4999,
1,251,525,520,627,1057,1516,1922,2357,2795,3251,2835,3135,3239,3640,3898,4021,4468,4852,4999,
1,500,36,505,741,275,395,803,1096,1170,1572,2057,2157,2481,2887,3138,3538,3750,3339,3717,4152,4591,4999,
1,469,803,1303,1523,2012,2196,2581,2667,2806,3233,3706,3521,3997,4130,4591,4999,
1,165,379,71,438,361,515,1015,759,941,860,1336,1343,1423,1862,1867,2182,1894,2215,2380,2328,2666,3001,3302,3742,3909,4337,4741,4999,
1,305,685,796,1061,1267,1733,2134,2239,2567,3029,2836,3055,3533,3942,4333,4631,4999,
1,318,688,590,383,712,1022,1422,1543,1986,2413,2794,2790,3076,2983,3483,3971,4277,4499,4999,
1,455,343,517,908,1378,1828,2139,2377,2779,3227,3566,3739,4162,4309,4360,4729,4999,
1,486,448,671,270,207,600,878,1341,1440,1597,2090,2528,2129,2013,2244,2722,3146,3583,3866,4342,4735,4999,
1,28,255,668,1057,1453,1878,2133,2482,2772,2990,3055,3172,3478,3964,4251,4730,4999,
1,288,547,906,1250,1664,1979,2417,2313,2482,2954,3442,3637,4116,4599,4999,
1,15,268,574,885,895,833,1249,1691,2060,2532,2822,2926,2923,3076,3524,3687,4110,4468,4715,4999,
1,195,246,735,802,766,1233,1625,2111,2010,2301,2601,2815,3236,3572,3286,3597,3920,4410,4760,4999,
1,446,594,816,1175,1621,2039,2450,2587,2830,3043,3499,3768,3948,4270,4710,4999,
1,479,363,612,976,1345,1527,1891,2222,1869,2125,2403,2496,2988,3213,3514,3898,4276,4069,4271,4739,4999,
1,376,152,638,910,1061,911,979,1086,1389,1034,1400,1880,2155,2578,2582,2841,3183,3683,4138,4530,4999,
1,233,461,470,808,1243,850,1063,1402,1524,1458,1896,2368,2833,3253,3388,3862,4333,4581,4999,
1,271,705,1131,1197,1469,1924,1954,2405,2531,3002,3466,3440,3757,4177,4632,4999,
1,349,822,1292,1387,1782,2216,2641,3008,3336,3589,3987,4371,4685,4999,
1,102,254,386,501,909,1408,1441,1903,1832,2057,2317,2702,3135,3389,3788,4146,4329,4818,4999,
1,201,566,980,691,1118,1366,1049,1506,1639,2075,2573,2965,3435,3573,4028,4183,4625,4999,
1,159,563,802,1263,1493,1943,2047,2502,2915,3115,3000,3114,3254,3600,3863,4250,4743,4999,
1,365,104,431,623,836,899,1133,1574,2069,2522,2917,3155,3574,4066,4148,4432,4512,4999,
1,261,186,603,940,1331,1490,1877,1658,2144,1966,2235,2553,2194,2585,2640,2974,2864,3186,3392,3338,3635,3767,4240,4675,4999,
1,330,758,833,1238,983,1251,967,1415,1825,1671,1861,2337,2348,2770,3130,3085,3581,3757,3451,3354,3771,4256,4699,4999,
1,478,748,1155,1482,1839,2235,2340,2604,3076,3287,3446,3930,4091,4532,4999,
1,448,441,373,408,528,997,1397,1861,1729,1815,1741,2203,2477,2536,3026,3353,3802,4283,4777,4999,
1,271,626,497,459,795,964,861,1097,1384,1083,1553,1830,2212,2502,2860,2941,3399,3771,4107,4417,4754,4999,
1,288,771,374,632,800,1270,1074,1133,1595,2055,2164,2054,2266,2360,2636,3078,3508,3909,4391,4752,4999,
1,282,469,262,555,914,1219,1623,1924,2161,2425,2729,2929,2902,3292,3720,4141,4035,4506,4999,
1,42,223,588,517,177,625,1063,1061,1445,1607,1881,2103,2274,2692,3080,3234,3655,4009,4268,4681,4999,
1,277,293,734,592,1082,1165,1382,1044,1530,2025,2466,2629,2963,3417,3457,3607,4103,4244,4559,4999,
1,283,626,264,707,997,1099,1232,1520,1958,1788,2246,2584,2888,3210,3312,3748,4181,4480,4860,4999,
1,385,363,547,870,729,1157,1412,1673,2122,2060,2082,2259,2759,3225,3324,3088,3392,3628,3520,3864,4273,4283,4672,4999,
1,304,57,287,248,476,577,779,801,1161,1479,1758,1908,2212,2575,2764,3199,3550,4034,4526,4999,
1,382,394,652,793,1052,1400,1868,2223,2515,2842,2817,3312,2972,3417,3917,3646,3739,4195,4144,4626,4999,
1,355,821,818,1310,1749,1508,1221,1708,2166,2383,2723,2903,3182,3584,3838,4297,4223,4642,4999,
1,360,815,1114,1430,1462,1495,1989,2204,2463,2749,2415,2887,3159,3590,3387,3706,3753,3973,3888,4294,4568,4999,
1,291,324,707,874,1365,1830,2198,2657,3029,3496,3951,4399,4202,3802,4143,4615,4999,
1,24,60,513,611,956,1332,1456,1531,1919,2369,2828,2748,2840,2380,2679,2956,3353,3853,4327,4575,4999,
1,182,196,689,1100,828,1099,947,752,1229,1348,1792,2088,2235,2599,2842,2785,3267,3755,4036,4505,4999,
1,262,533,842,813,1195,1474,1956,2173,2564,2988,2837,2822,3249,3445,3715,4163,4587,4999,
1,476,165,273,495,916,1411,1771,1963,1742,2238,2722,2472,2695,3195,3275,3660,4146,4107,4540,4999,
1,491,828,842,1311,1384,1055,1486,1774,1916,2318,2655,3014,3417,3853,4228,4623,4999,
1,341,727,989,1261,1653,2012,2420,2886,2900,3111,3574,4071,4532,4999,
1,443,927,1127,1565,1863,2252,2157,2480,2809,2742,3028,3483,3973,4351,4825,4999,
1,222,545,917,1417,1824,1582,1747,2160,2537,3014,3372,3718,4210,4580,4999,
1,455,872,1250,1189,1282,1584,1985,2195,2516,2929,3174,3645,3747,4218,4626,4999,
1,332,643,623,923,1202,1658,2119,2472,2921,2775,3243,3635,3618,4069,4518,4999,
1,360,660,1141,1466,1798,2238,2720,2575,2731,3161,3367,3628,3888,4302,4245,4438,4775,4999,
1,194,520,758,993,1041,592,907,1355,1428,1791,2202,2542,2597,2767,2989,3389,3706,4160,4401,4655,4999,
1,307,90,561,901,1346,1575,1856,2355,2786,3237,2856,2847,3316,3767,3490,3668,4122,4606,4999,
1,424,280,769,1242,1685,1840,2331,2666,2297,2530,2748,2951,2802,3247,3475,3785,4111,4526,4999,
1,296,741,1197,1190,1510,1926,2254,2396,2768,3137,3540,3950,4201,4668,4999,
1,375,792,855,972,1415,1881,2250,2490,2915,3184,3341,3823,4146,4415,4812,4999,
1,23,510,149,486,756,1167,739,416,876,1346,1829,2265,2336,2624,3069,3347,3743,4181,4272,4540,4999,
1,385,588,912,1189,1687,1959,1784,2260,2068,2538,2932,3049,3380,3855,4312,4657,4999,
1,177,456,848,1342,1230,1545,2020,2082,2533,3001,3396,3470,3700,4170,4199,4317,4663,4999,
1,82,84,537,862,1350,1380,1607,2021,2482,2371,2829,3204,3496,3511,3738,4208,4280,4555,4999,
1,313,758,1257,1473,1552,2022,2126,2393,2238,2665,3049,3217,3441,3926,4077,3854,4152,4623,4999,
1,327,266,748,382,584,1017,1478,1358,1683,1917,2387,2664,3145,3272,3278,3735,3961,4189,4559,4999,
1,474,399,869,1179,1443,1781,1736,1921,2110,2400,2601,2955,3146,3404,3807,4243,4605,4999,
1,352,457,571,861,1330,1083,1456,1822,2061,1914,2381,2794,3084,3535,3155,3520,3953,4417,4627,4999,
1,482,885,1277,1746,1848,2289,2395,2873,3333,3426,3512,3826,4124,4513,4999,
1,105,520,708,1179,1650,1432,1470,1899,1839,1935,2035,2518,2937,2951,2994,3337,3651,4078,4577,4999,
1,493,231,523,1002,1427,1914,2382,2700,2909,3401,3672,4007,4426,4256,4666,4999,
1,175,146,73,448,362,661,841,1311,954,1447,1917,2198,2573,2879,3362,3777,4042,4489,4932,4999,
1,265,74,356,805,598,962,761,712,259,494,980,1277,1759,1855,2078,2478,2368,2555,2779,3209,3292,3771,4052,4539,4999,
1,243,369,862,435,692,984,1403,1417,1916,2303,2464,2958,3245,3429,3372,3782,4062,3600,4060,4510,4999,
1,389,616,1051,1461,1662,1771,2225,2669,2948,3371,3841,4209,4560,4999,
1,299,503,984,1469,1566,1781,1507,1610,2032,2371,2742,3008,2690,2967,3193,3466,3949,4133,4503,4999,
1,262,172,143,482,971,584,1033,1444,1913,2290,2330,2819,3050,2998,3157,3409,3693,4168,4578,4999,
1,67,68,386,356,725,1053,1530,2000,2351,2736,3014,2735,3185,3078,3359,3711,4111,4579,4999,
1,463,696,1027,1427,1920,2228,1903,2190,2523,2117,2437,2576,2698,2904,3249,3462,3743,4212,4580,4999,
1,396,668,1010,1435,1661,1772,1594,1822,1996,1964,2268,2578,3058,3520,3886,3993,4435,4876,4999,
1,264,93,144,311,809,883,859,1178,1537,1916,2029,2006,1773,1689,2030,2035,2317,2476,2865,2773,2867,3043,3404,3592,3837,3782,3453,3938,4435,4767,4999,
1,463,798,1185,1458,1736,2063,2555,2981,2629,2990,3313,3770,4085,4386,4774,4999,
1,62,182,154,201,641,938,1305,1094,1549,1627,2114,2365,2792,2997,3175,3383,3501,3571,3970,4288,4773,4999,
1,357,639,620,697,1171,1660,2117,2099,2542,2963,3133,2776,2883,3375,3700,3929,3945,4401,4556,4999,
1,296,215,654,1011,1425,1119,1606,1970,1811,2146,2308,2749,2683,3091,3145,3550,4050,4512,4999,
1,92,473,419,528,655,519,903,1213,1515,1695,2193,2625,3046,3321,3772,4196,4524,4999,
1,283,734,861,1244,1311,1588,1767,2150,2589,2676,2920,2908,3358,3836,4234,4578,4999,
1,189,166,655,1035,1379,1182,1233,1506,1875,2096,2319,2784,3187,3667,4054,4430,4610,4999,
1,257,679,897,1286,1428,1336,1584,2048,2495,2808,3160,3590,3816,4075,4297,4508,4999,
1,147,340,620,905,1174,1566,1978,2316,2793,3044,3475,3674,3712,4112,4290,4622,4999,
1,418,343,839,1261,1302,1645,1408,1883,2137,2335,2289,2294,2447,2630,2604,2644,2612,2862,2884,3377,3739,4202,4679,4999,
1,168,593,1055,1197,1412,1850,1942,1591,1469,1495,1592,2074,2180,2402,2869,2890,3008,3369,3569,3365,3739,4043,4260,4741,4999,
1,119,509,924,1093,1171,1030,1465,1783,2164,2290,2712,2473,2732,3027,3374,3543,3854,3889,4094,4569,4999,
1,209,123,591,579,946,1111,1584,1997,2436,2785,2901,3141,3323,3614,3854,4334,4742,4999,
1,458,836,1204,1633,1758,2176,2586,2876,3313,3451,3832,4071,4499,4999,
1,32,19,326,687,523,859,736,1058,1291,1276,1730,1895,2223,1951,2260,2350,2824,3273,3773,4224,4343,4676,4999,
1,436,496,933,1125,1616,1894,2237,2708,3142,3204,3663,3904,4150,4585,4999,
1,321,589,866,722,1128,1022,1515,1758,2167,2645,2938,3234,3652,4135,4631,4999,
1,496,693,975,1030,1448,1886,2106,2125,2542,2958,3323,3686,4170,4272,4639,4999,
1,118,521,820,1044,683,949,1334,1498,1903,2203,2390,2855,3010,3237,3551,3755,3949,4158,4565,4999,
1,389,581,604,450,886,1239,1706,2191,1983,2395,2635,3010,3202,3557,4002,4362,4700,4999,
1,364,428,541,1001,1236,1342,1452,1818,2226,2606,2707,3099,3262,3333,3785,4047,4535,4999,
1,172,541,803,600,941,1370,1700,1805,1783,2108,2565,2723,3078,3461,3853,4230,4593,4999,
1,333,578,516,876,1187,1231,1222,1563,2030,2469,2910,3365,3715,4176,4530,4999,
1,34,379,731,1076,1222,1491,1987,2032,1921,2311,2811,3268,3620,4008,4412,4464,4667,4999,
1,446,930,977,1234,1527,1073,1457,1582,1683,1990,2302,2205,2701,2926,3342,3683,4146,4140,4502,4999,
1,355,855,1342,1494,1646,1740,2198,2290,2623,3093,3583,3622,3994,4177,4132,4141,4606,4999,
1,121,445,850,1088,1145,1558,1952,2393,2766,3199,3456,3304,3736,4233,4067,4500,4999,
1,322,525,629,1004,1224,1723,1449,1246,857,1310,1570,2020,2481,2912,3240,3567,4006,4048,3915,4183,4328,4436,4646,4999,
1,12,454,455,519,535,723,1161,1313,924,1159,1265,1714,2188,2357,2676,2365,2744,3089,3402,3384,3827,4298,4697,4999,
1,153,329,733,1201,1435,1921,2380,2241,2547,2460,2761,2778,3257,3644,3986,4466,4944,4999,
1,274,663,806,1291,1164,1391,1504,1991,2221,2432,2844,3200,3683,3948,3780,3602,3576,3894,4210,4501,4999,
1,78,285,637,767,1071,975,1366,1856,2299,2397,2459,2819,3142,3407,3765,4265,4494,4103,4563,4999,
1,367,167,527,389,889,876,1339,1425,1513,1886,2335,2700,3172,3591,3245,3502,3864,4281,4778,4999,
1,444,914,1137,758,865,1289,1536,1431,1814,1378,1630,1948,2178,2453,2635,2726,3162,3574,3813,4108,4396,4869,4999,
1,224,496,724,1122,1622,1291,1395,1836,2099,2580,3071,3446,3212,3291,3740,4224,4271,4690,4999,
1,151,141,181,654,1033,1388,1749,1842,2236,2566,2905,2754,3100,3499,3894,4052,4066,4508,4999,
1,178,625,1072,1476,1821,2265,2665,2744,2780,3172,3644,3517,3929,4390,4669,4999,
1,301,400,140,374,360,698,207,373,413,492,506,654,335,795,1075,1547,1510,1877,2316,2569,2929,2624,3109,3550,3957,4366,4787,4999,
1,193,645,609,669,601,1093,1298,1383,1684,2160,2055,2542,2680,3162,3640,3973,4091,4564,4999,
1,238,496,896,1306,1602,1926,2172,2375,2845,2504,2944,3409,3859,4330,4400,4148,4542,4999,
1,137,383,803,512,982,1327,1592,1857,2244,2109,2468,2968,3285,3501,3727,3770,4047,4126,4599,4999,
1,125,622,538,904,1285,1783,2050,2425,2442,2784,2678,2566,2920,3292,3778,4252,4673,4999,
1,17,298,611,886,1221,1541,1412,1690,2147,2588,2586,3060,3541,3906,4340,4820,4999,
1,359,211,467,868,1089,881,1344,1771,2208,2261,2526,2472,2282,2683,3099,3571,4016,4317,4567,4999,
1,108,582,971,1292,1673,1812,2177,2613,3086,3434,3410,3544,4024,4352,4773,4999,
1,117,516,704,923,884,773,882,1339,1371,1841,2076,2211,2621,3015,2906,3202,3594,3975,3769,4247,4288,4326,4751,4999,
1,240,581,1012,1470,1649,1312,1451,1745,1659,2057,2320,2228,2717,2457,2852,3158,2967,3354,3845,3998,4334,4615,4999,
1,5,173,258,671,735,773,1220,1233,1573,2071,2333,2733,3219,3670,3595,4034,3895,4369,4800,4999,
1,236,503,765,933,1375,1836,2216,2512,2996,3367,3652,3818,4207,4601,4999,
1,380,868,1033,1446,1815,2011,2396,2487,2380,2840,2873,3329,3795,4229,4717,4999,
1,189,362,748,816,1232,1670,2063,1769,2123,2179,2135,2366,2523,2840,3247,3548,3965,4291,4785,4999,
1,258,508,1006,1427,1781,1653,1824,1816,2067,2510,2951,3324,3794,3921,3952,4243,4340,4709,4999,
1,468,900,1128,1528,1491,1107,1495,1776,2122,2310,2778,3196,3297,3532,4023,4504,4999,
1,392,645,737,1173,1205,789,1168,1655,1749,2185,2560,2783,2689,3151,3164,3629,3951,4307,4712,4999,
1,410,453,800,794,517,889,1263,1425,1844,2063,2337,2648,2416,2735,2969,3422,3685,4153,4589,4999,
1,151,264,423,329,826,1189,1636,2019,2516,2959,3380,3633,3959,4444,4350,4780,4999,
1,356,686,526,258,235,440,524,596,502,958,903,1379,1592,2087,2416,2793,2654,2900,3276,3696,4087,4195,4542,4999,
1,161,569,704,695,1165,1552,1946,2042,2506,2713,3160,3520,3767,4107,4034,4144,4479,4862,4999,
1,355,490,641,1132,1484,1525,1995,2163,2369,2762,2715,3080,3576,3721,4014,4369,4685,4999,
1,126,52,211,535,65,343,586,767,1232,1275,1562,1411,1605,1799,2241,2506,2997,2854,3114,3401,3734,3904,4327,4782,4999,
1,428,687,1092,1512,1767,2083,2375,2123,2154,2578,2702,3098,3294,3709,3983,4345,4569,4999,
1,29,315,406,308,718,904,1071,1547,1905,2096,2420,2918,3144,3377,3762,3961,4217,4627,4999,
1,120,582,1058,1473,1705,1430,1846,2099,1994,2368,2583,3080,3535,3661,3528,3988,4427,4714,4999,
1,144,348,408,766,1100,1383,1806,1893,2377,2782,3037,3455,3880,4063,4321,4680,4999,
1,444,522,1014,1429,1449,1620,1959,2429,2923,2959,2943,3344,3159,3465,3963,4460,4937,4999,
1,27,334,575,897,1310,1767,1941,1798,1920,2215,2559,2837,2882,3381,3816,4233,4658,4999,
1,455,697,776,1123,1110,1250,1702,1622,1808,2189,2408,2896,2829,3274,3431,3916,4279,4428,4914,4999,
1,451,759,1063,620,876,1275,1307,894,1015,1387,1878,2027,2484,2820,2667,2901,2749,2916,3247,3558,3807,4118,4502,4999,
1,416,475,757,1052,1537,1881,1982,2160,2519,2675,3016,3361,3658,3890,4303,4667,4999,
1,104,321,518,113,490,573,953,1263,1688,2007,2244,2686,3174,3448,3781,4016,4224,4362,4688,4999,
1,353,640,1069,654,912,1271,1632,1971,1584,2024,2484,2821,3171,3632,4093,4338,4733,4999,
1,496,787,919,768,1152,1341,1661,1807,2250,2556,2478,2838,3125,3588,3987,3898,4351,4453,4853,4999,
1,211,533,846,1238,1696,1910,2121,2342,2815,3238,3450,3512,3621,4121,4583,4999,
1,195,581,412,611,990,1455,1834,2312,2641,2759,2513,2590,3065,3486,3846,4335,4641,4999,
1,118,576,779,845,1045,1347,1198,1546,1854,1979,2300,2609,2842,3291,3791,4041,3890,4194,4598,4999,
1,483,829,974,1086,1012,1243,1496,1935,2062,2127,2282,2298,2754,2843,3239,3331,3650,3801,4218,4553,4999,
1,261,607,627,599,273,631,937,906,1185,1205,1463,1821,2299,2260,2336,2701,2942,3178,3254,3687,4118,4568,4999,
1,91,376,876,506,874,1320,1684,2013,2434,2544,2817,2884,3076,3333,3753,4035,4447,4816,4999,
1,134,345,187,368,454,536,946,1064,1411,1715,2119,2479,2221,2322,2766,3132,3221,3052,3344,3597,3851,4025,4441,4263,4541,4999,
1,149,89,474,624,982,1429,1674,2120,2444,2384,2600,2988,3266,3498,3695,4052,4024,4136,4610,4999,
1,219,549,710,519,802,595,1092,1229,1246,1689,1911,2383,2713,3190,3154,3637,4084,4506,4999,
1,157,624,386,432,637,1065,1161,1144,1370,1672,1502,1782,1994,2470,2687,3021,3450,3923,4181,4600,4999,
1,484,884,1029,1490,1760,2225,2464,2894,3153,3427,3853,3771,4129,4380,4243,4717,4999,
1,14,259,409,823,1310,1595,1758,2068,2361,2325,2378,2827,2984,3414,3785,3671,3960,4458,4655,4999,
1,65,530,368,623,1009,1058,1534,1689,2081,2558,2947,3358,3535,3856,4290,4724,4999,
1,242,390,489,210,571,894,1288,1409,1364,1478,1732,2183,2627,3077,3214,3555,3306,3414,3812,3758,4252,4704,4999,
1,167,111,273,754,1135,1600,1994,1917,2102,2548,2753,2625,2981,3222,3634,3454,3767,4262,4687,4999,
1,471,807,822,482,379,291,465,674,833,1287,1702,1833,1988,2008,2385,2778,2991,3369,3384,3808,4125,4579,4999,
1,332,658,196,583,589,866,1226,1500,1582,2017,2316,2598,2773,2744,3131,3622,4093,4511,4999,
1,36,239,635,177,622,589,1045,1437,1509,1976,2194,1796,1890,2183,2461,2507,2805,3095,3400,3776,3966,4146,4646,4999,
1,498,590,763,1180,1100,1286,1650,1896,1832,2259,2657,3087,3379,3707,4119,4224,4710,4999,
1,327,621,1092,1296,1619,2061,2221,1961,2086,2335,2801,3300,3490,3930,4250,4701,4999,
1,477,641,780,852,1332,1830,2248,2710,3164,3260,3498,3755,4215,4560,4999,
1,418,471,730,1120,1214,1410,1857,2143,2546,3034,3311,3334,3625,4103,4542,4999,
1,203,653,879,991,786,1263,1745,2180,2591,2874,2803,2938,3062,3540,3971,4314,4582,4999,
1,8,128,609,203,454,927,846,773,1085,1445,1842,2039,2391,2834,3294,3576,4068,4050,4480,4055,4432,4374,4817,4999,
1,497,940,1286,1639,1991,2282,2755,3066,3565,3716,3883,4300,4529,4999,
1,159,358,600,1008,1507,1710,2208,2587,2980,3134,3388,3765,4172,4390,4618,4999,
1,245,465,460,782,527,866,1356,1460,1624,1592,1534,1824,1493,1968,2444,2347,2781,3144,3362,3694,3739,3995,4488,4444,4839,4999,
1,430,540,49,279,627,558,1023,1383,1794,2100,2343,2231,2680,2968,3288,3365,3477,3630,3703,4056,4496,4730,4999,
1,249,690,212,109,471,781,733,1169,1626,2123,2229,2379,2599,2789,2872,3088,3019,3479,3790,4272,4367,4516,4999,
1,290,449,802,1174,1588,1928,2280,2057,2443,2737,2963,3253,3470,3356,3742,3938,4336,4708,4999,
1,201,432,893,1366,1467,1640,1832,2006,2262,2610,2858,3257,3176,2998,3049,3440,3831,3980,4272,4586,4999,
1,277,404,813,682,1073,1562,1841,2321,2339,2697,2781,3152,2875,3193,3544,3962,4369,4682,4999,
1,96,257,620,870,457,737,994,1124,1575,1571,1529,1752,2003,2416,2432,2679,3010,3417,3853,4276,4624,4999,
1,484,527,680,1150,1111,1413,1828,1948,1981,2378,2712,3043,3280,3530,3872,4317,4722,4999,
1,445,553,119,287,685,964,1181,1277,1319,979,1385,1812,1736,2231,2397,2428,2733,3221,3664,3877,3892,4300,4604,4999,
1,160,252,701,1006,1064,1275,1765,2042,2335,2271,2353,2508,2767,2852,3224,3418,3654,4129,4562,4999,
1,197,494,715,1167,1583,1785,2246,2107,2558,2961,3121,3590,4025,4522,4999,
1,335,657,412,138,368,752,898,1385,1161,1506,1988,2298,2553,3035,3515,3837,4189,4505,4999,
1,482,642,1084,1443,1603,1938,2010,2232,2441,2518,3017,3118,3386,3665,4164,4417,4905,4999,
1,281,22,129,480,943,1127,849,995,1301,1439,1913,2291,2736,3079,2688,2967,3446,3812,4305,4618,4999,
1,366,635,520,24,395,474,738,1103,1539,1687,1390,1840,2223,2041,2019,2465,2749,2986,3290,3730,3805,3924,4341,4755,4999,
1,389,793,962,1138,1570,1911,2074,1812,2026,1889,2378,2759,3133,3613,3967,4128,4602,4999,
1,95,454,614,936,1428,1385,1604,1979,2229,2483,2154,2469,2654,3053,3553,3469,3744,4075,4545,4999,
1,147,122,225,500,968,1386,1408,1740,1366,1825,2062,2345,2777,3011,3302,3763,4249,4466,4824,4999,
1,349,239,478,821,787,1110,1546,1987,2302,2546,2806,3197,3265,3581,4056,4414,4558,4999,
1,324,647,1066,1202,1424,1881,2221,2477,2360,2264,2691,3166,3153,3315,3630,4065,4407,4628,4999,
1,185,663,1106,1458,1879,2161,2278,2771,3163,3230,3418,3812,4139,4416,4433,4665,4999,
1,431,870,946,1061,1551,1509,1809,2281,2665,2553,2861,2463,2920,3394,3878,4365,4597,4999,
1,311,668,768,921,1409,1649,1982,2129,2542,2684,2896,2721,2821,3097,3514,3826,4111,4505,4999,
1,499,84,3,327,666,904,1103,1580,1670,1966,2271,2588,2832,3230,3419,3653,4124,4608,4999,
1,452,834,1244,1243,1659,1401,1866,1741,2112,2437,2671,2538,2874,3217,3542,3916,4244,4621,4999,
1,261,453,87,565,992,1387,1176,1269,1405,1825,1558,1912,2286,2605,3085,3471,3724,4178,4425,4876,4999,
1,225,599,392,593,798,1187,1550,1832,1849,2310,2421,2857,3277,3594,3936,4240,4531,4999,
1,81,366,591,556,1004,913,1382,1672,1764,2028,1692,2082,2500,2886,3352,3271,3707,3967,4321,4286,4669,4999,
1,335,719,1203,1662,1251,1543,1747,1872,2351,2692,2965,3270,3770,4153,4515,4999,
1,182,48,474,285,694,1105,1526,1930,1918,2123,2466,2771,2962,3255,3411,3648,3774,4139,4632,4999,
1,343,354,233,205,631,990,1455,1715,2180,2319,2659,2917,3121,3433,3898,4303,4621,4999,
1,457,545,595,1029,1288,1518,1888,2377,2622,2999,3285,3689,3881,4210,4316,4323,4595,4999,
1,47,359,635,217,57,291,701,984,1305,1708,1681,1966,2096,2486,2948,3195,2747,3118,3164,3439,3765,4196,4654,4999,
1,122,618,544,601,1066,1019,725,1224,1519,1911,2411,2874,3183,3497,3482,3789,4060,4456,4909,4999,
1,375,569,310,807,1254,1420,1557,1458,1834,2291,2701,3064,3439,3536,3846,4278,4594,4999,
1,448,886,1316,1526,1666,1917,2306,2514,2877,2933,3238,3620,3905,4266,4515,4999,
1,495,887,553,960,1337,1515,1998,2035,2404,2618,2929,3150,2883,3376,3720,3992,4341,4750,4999,
1,178,170,340,551,1017,1466,1222,1383,1845,2211,1946,2150,2426,2909,3404,3612,4030,4351,4654,4999,
1,280,257,746,1120,937,1196,1683,1924,2362,2821,3129,3583,3945,4153,4535,4999,
1,253,618,896,1350,1160,1414,1501,1983,2402,2637,2950,2821,3106,3414,3265,3649,4137,4457,4942,4999,
1,205,518,435,740,1100,1389,1522,1847,1840,2333,2670,2785,3083,3224,3573,3646,3496,3917,4401,4508,4999,
1,102,593,769,1199,1257,1587,2065,2447,2666,2937,3385,3835,4314,4665,4999,
1,135,198,242,98,423,693,1079,1126,1162,1328,1479,1875,2371,2692,3172,3315,3628,4104,4561,4999,
1,449,897,1334,1419,1552,2012,2438,2176,2578,2537,2950,3281,3684,4073,4540,4999,
1,404,488,774,1272,1735,1844,2074,2283,2675,3037,2877,3260,3720,4144,4348,4239,4571,4999,
1,415,712,720,971,1006,730,1039,1472,1528,1754,1752,1758,1864,2260,2566,2785,3262,3694,4123,4560,4999,
1,82,52,132,355,339,476,811,606,845,1196,1210,1567,1961,2398,2593,2756,2966,3391,3801,4053,4539,4999,
1,463,906,1172,1379,1209,712,791,1177,1232,917,1290,1618,1822,2173,2618,2947,3129,3464,3784,4165,4559,4999,
1,471,217,600,1085,765,1080,1528,1698,2004,2285,2542,2966,3390,3646,3721,4031,4507,4999,
1,461,654,1144,1503,1658,2079,1969,2205,2470,2734,3208,3568,4041,4064,4222,4659,4999,
1,270,351,565,159,208,507,445,936,995,1423,1813,2034,2372,2579,3000,3139,3574,4064,4300,4603,4999,
1,23,101,326,798,1207,1109,1110,1579,1948,2244,2570,3033,3345,3487,3342,3762,4168,4543,4999,
1,287,541,967,828,1264,1518,1959,2358,2572,3055,3422,3811,4116,4592,4999,
1,9,502,840,545,755,873,1372,1715,2077,2570,3019,3219,3689,4161,3830,3825,3999,4228,4681,4999,
1,129,605,898,962,1029,1478,1870,2350,2786,2982,3315,2919,3035,3296,3504,3651,4101,4087,4206,4642,4999,
1,317,295,490,930,785,1236,1346,1794,2253,2453,2838,2774,3109,3466,3418,3872,4084,4207,4676,4999,
1,372,743,1049,1233,1409,1769,1776,1922,2207,2601,2964,3280,3646,4071,4501,4999,
1,132,289,234,40,530,842,991,1332,1643,1809,2292,2491,2708,3185,3331,3784,4050,4486,4642,4999,
1,265,436,500,698,1176,1612,2112,2361,2769,3217,3150,3481,3797,4195,4016,4011,4423,4876,4999,
1,500,695,861,388,449,926,1386,1572,1856,2295,2713,3128,3570,3192,3259,3566,3673,4009,4421,4623,4999,
1,375,314,494,320,792,1073,1279,1120,1495,1900,2167,2597,2587,3005,3414,3770,3683,4124,4596,4999,
1,458,426,760,908,1349,1604,1853,2242,2636,3073,3291,3586,3831,3553,3978,4132,4227,4477,4621,4999,
1,445,55,523,411,615,959,606,953,1228,1714,1745,1846,2069,2332,2049,2376,2703,2982,2798,3085,3501,3525,3854,4251,4136,4546,4999,
1,152,617,206,410,841,1321,1781,1556,1938,2023,2265,2499,2662,3117,3593,3991,4042,3962,4447,4885,4999,
1,106,454,734,607,1035,1508,1999,1916,2189,1967,2380,2645,3120,2968,3276,3415,3680,4142,4630,4999,
1,283,320,450,368,589,922,838,1338,1482,1877,2226,2302,2779,3040,3539,3947,3844,4289,4502,4999,
1,304,514,420,778,1252,1129,1435,1515,1961,2358,2722,2595,2738,2856,3229,3673,4080,4288,4683,4999,
1,156,508,750,1075,1139,1154,1187,1047,1405,1814,2255,2725,2748,3229,3220,3464,3943,4370,4669,4999,
1,62,482,501,490,390,702,1123,1553,1898,1751,2177,2426,2889,2921,3110,3549,3596,4089,4518,4999,
1,246,207,596,801,1064,1349,1545,2011,2433,2912,3118,3557,3856,4306,4529,4999,
1,317,794,1122,1277,1573,1726,2014,2390,2503,2967,2727,3227,3137,3525,4021,4496,4875,4999,
1,166,442,741,422,880,1163,1627,2085,2372,2591,2610,2991,2936,3245,3716,4192,4555,4999,
1,204,415,505,369,861,1138,1532,2025,2458,2886,3168,2824,3290,3747,4188,4530,4999,
1,274,301,617,531,877,1109,1456,1471,1375,957,1145,1610,2082,2354,2774,2735,3025,2860,3042,3507,3895,4389,4753,4999,
1,20,418,704,1093,1431,1887,1750,2086,1810,2271,1906,2007,2304,2547,2894,3232,3028,3469,3472,3883,4376,4615,4999,
1,467,765,815,1120,850,1181,1324,1621,1259,1538,1760,1532,1376,1802,2040,2469,2858,3157,3226,3717,4145,4621,4999,
1,240,665,1119,1366,1569,1959,1956,1873,2058,2078,2466,2581,2638,2877,3227,3587,3687,3774,4109,4412,4506,4999,
1,306,499,760,607,654,836,1324,1755,2170,2550,3010,3249,3589,3854,4251,4587,4999,
1,151,283,575,936,1183,1683,2049,2537,2529,3004,3087,3353,3728,4024,4472,4530,4999,
1,433,601,898,503,674,830,1321,1787,1927,1766,2103,2420,2715,2920,3147,3608,3815,4112,4309,4253,4649,4999,
1,466,696,1041,1363,1827,2214,2701,2653,2843,3251,3669,4026,4364,4277,4555,4999,
1,18,427,670,1062,1526,1848,2170,2114,2429,2926,2688,3082,3063,3536,3980,4142,4626,4999,
1,418,674,1135,1566,1602,1965,2407,2871,3211,3283,3115,3183,3662,3443,3700,4024,4348,4610,4999,
1,286,532,878,1313,1672,1876,2209,2532,2801,3138,3486,3845,4302,4468,4722,4999,
1,457,635,1132,1502,1998,2160,2479,2813,3138,3630,4093,4580,4999,
1,396,629,939,1408,1827,2208,2239,2248,2549,2822,2972,3349,3790,4256,4647,4999,
1,432,3,75,470,445,628,1068,1172,1670,1866,2046,2365,2647,3122,3119,3604,3589,3843,4099,4507,4999,
1,119,392,406,899,740,1070,1448,1684,1826,2321,2805,3106,3585,3657,3736,4200,4561,4999,
1,18,239,535,973,1420,1498,1984,2225,2662,3113,3495,3774,3834,4009,4041,4324,4273,4700,4999,
1,467,575,991,1362,1794,2011,2144,2324,2739,3196,3406,3778,4267,4714,4999,
1,376,179,194,632,928,1196,1412,1454,1886,1766,2254,2148,2633,3089,3390,3519,3802,4092,4569,4999,
1,323,817,1130,1438,1704,2200,2337,2755,2525,3007,2798,2686,2983,3363,3521,3523,3679,4098,4148,4399,4560,4999,
1,427,868,1333,1205,1682,1909,2033,2507,2921,3241,3692,3275,3724,3980,3725,4130,4544,4999,
1,458,937,809,1187,1526,1473,1903,2210,2511,2879,2783,2678,2821,3167,3637,4118,4507,4999,
1,91,456,787,1030,1223,1366,1282,1076,1483,1732,1698,2105,2274,2612,3056,3067,3463,3532,3791,4104,4582,4999,
1,122,425,562,678,698,907,1130,1189,1563,1953,1870,2323,2785,2882,3325,3605,3836,4137,4555,4999,
1,191,406,821,1129,1561,1673,1788,1995,2419,2852,3170,2996,3231,3462,3926,4376,4545,4999,
1,94,369,442,758,1063,1204,1605,1498,1860,2224,2552,2846,3158,3587,4010,4200,4673,4999,
1,377,744,1042,1025,1051,1423,1711,2208,2105,2598,3087,3263,3707,4119,3827,4323,4699,4999,
1,329,743,1236,1067,1226,1261,1727,2066,2047,2288,2734,3152,3367,3442,3410,3756,4060,4335,4313,4802,4999,
1,493,762,1156,1144,1529,1975,1906,2229,2649,2913,3180,3437,3481,3962,4283,4773,4999,
1,393,752,1071,1253,1701,1537,1941,2182,2607,2811,3109,3542,3793,4231,4522,4999,
1,362,434,871,1331,1672,1864,2261,2571,2689,3166,3264,3693,4155,3961,4340,4825,4999,
1,448,942,1239,1628,1720,2140,1870,2273,2346,2806,3065,3132,3561,3212,3334,3740,4145,4631,4999,
1,195,573,833,970,1435,1695,1807,1451,1818,2126,2605,2923,2945,3299,3735,3805,4102,4507,4999,
1,416,518,560,801,842,1129,1163,1642,2127,2182,2541,2900,2798,2864,3363,3480,3957,3941,4407,4887,4999,
1,466,836,1136,881,643,720,1207,1412,1483,1719,1859,2350,2218,2089,2395,2882,3239,3654,3731,4212,4553,4999,
1,65,93,370,515,485,673,1132,1488,1388,1672,1970,2279,2742,3125,3441,3694,3884,3859,4277,4683,4999,
1,455,724,1082,1167,1286,1668,1979,2069,2396,2592,2984,3238,3256,3163,3544,3788,4057,4331,4755,4999,
1,7,417,526,581,964,1080,1173,1581,1806,2148,2399,2590,2812,3184,3559,3349,3653,4111,4542,4999,
1,450,456,557,940,1189,1426,1533,1732,1864,2160,2587,3048,3434,3828,3882,4268,4616,4999,
1,225,604,921,1287,1707,1787,2221,2460,2678,2646,3104,3489,3448,3560,3983,4232,4615,4999,
1,195,611,282,522,939,1133,1594,2027,2174,2537,2599,3068,3480,3859,3808,4285,4507,4999,
1,327,357,710,767,1193,1517,1845,2292,2723,2666,3162,3490,3970,4184,4137,4546,4999,
1,407,382,548,1002,1189,1502,1837,1959,2219,2541,2956,2705,3109,3365,3453,3727,4071,4491,4515,4999,
1,167,657,1041,1532,1774,2227,2296,2755,2931,2645,2980,3233,3308,3780,4269,4571,4999,
1,365,361,487,306,692,439,783,1247,1663,1840,1978,2280,2205,2216,2695,2978,3333,3811,4172,4551,4999,
1,124,297,352,841,499,959,1091,1342,1835,2211,2528,2838,3056,3548,3140,3440,3561,4042,4463,4515,4999,
1,169,610,1088,1474,1381,1799,2208,2084,2370,2310,2322,2081,2339,2788,3178,3382,3501,3621,3544,4000,4448,4363,4636,4999,
1,340,797,1236,1721,2122,2353,2352,2789,3110,3037,3490,3976,4117,4210,4656,4999,
1,76,555,807,1114,1494,1932,1582,1874,1419,1807,2212,2445,2829,3288,3645,4134,4202,4247,4695,4999,
1,224,716,832,1054,1419,1588,1995,2370,2253,2552,2886,3234,3581,4052,4358,4569,4999,
1,77,390,141,264,117,425,890,483,493,722,1073,1336,1710,1838,2273,2658,2221,2525,3016,3304,3389,3870,4190,4677,4999,
1,218,444,891,784,736,1234,970,1433,1884,1947,2305,2661,3058,3316,3646,3723,4106,4591,4999,
1,73,205,602,266,330,809,1264,1715,2139,2217,2695,3156,3465,3790,4097,4512,4999,
1,168,356,137,551,807,832,1269,1554,1594,1494,1504,1999,2384,2824,3262,3744,4227,4260,3847,4261,4600,4999,
1,88,331,471,910,1209,1487,1189,1351,1537,1974,2389,2785,2398,2814,3288,3571,3902,3828,3544,4042,4292,4078,4559,4999,
1,278,14,282,266,693,1118,1545,1756,2249,2712,3201,3555,3509,3812,4259,4586,4999,
1,157,462,179,486,849,1307,1745,1885,2368,2480,2706,2727,3153,3288,3711,4096,4372,4528,4999,
1,155,451,884,634,877,1280,1774,2106,1846,2341,2819,3133,3340,3501,3608,3786,4129,4442,4591,4999,
1,385,728,993,1137,933,1418,1699,1461,1249,1474,1910,2241,2709,3161,2894,3360,3662,3969,4321,4597,4999,
1,500,404,850,705,833,1253,1558,1996,2315,2755,3213,3620,3652,4118,4171,4503,4999,
1,219,244,135,487,608,209,684,981,1213,1494,1668,2106,2293,2664,3070,3370,3307,3499,3574,3606,3679,3993,4238,4450,4889,4999,
1,213,432,671,1158,1300,1672,1743,1879,2146,2217,2112,2107,2355,2798,3278,3735,4136,4569,4999,
1,380,494,909,1087,993,1344,1766,1840,2331,2496,2988,2611,3088,3295,3015,2562,2815,2975,3330,3815,4092,4574,4999,
1,135,87,413,903,986,813,1055,1248,1629,2043,2453,2730,3054,3380,3793,3886,4152,4645,4999,
1,359,51,314,614,1103,793,950,1332,1818,2069,2568,3011,3466,3788,4179,4512,4999,
1,105,12,469,701,766,953,1402,1722,1739,2195,2621,3006,3427,3636,3817,3787,4235,4392,4757,4999,
1,243,483,516,734,1205,1086,1473,1966,2248,2615,2729,3108,2997,2774,3080,3518,3962,4231,4605,4999,
1,433,703,1192,1620,1319,1133,1586,1535,1736,2205,2596,2987,3260,3702,4201,4572,4999,
1,3,428,282,584,627,662,974,1470,1959,1642,1762,1476,1751,2055,2219,2693,3122,3576,3849,4314,4605,4999,
1,397,845,879,1041,1417,1493,1229,1664,1574,1934,2318,2550,2927,3351,3452,3649,4065,4054,4496,4962,4999,
1,440,695,957,1382,1847,2273,2627,2691,2667,2885,2945,3113,3596,3952,4287,4693,4999,
1,10,385,717,770,882,932,1326,1740,2138,2469,2763,3065,3484,3907,3963,4280,4246,4531,4999,
1,317,642,968,924,1089,1108,1559,1982,2281,2697,2973,3307,3779,4237,4575,4999,
1,381,776,898,968,825,1314,1708,2151,2158,2517,2983,3246,3652,3977,4346,4651,4999,
1,59,495,809,816,580,513,955,995,1051,1436,1884,2129,2370,2741,2801,3007,2954,3335,3821,4292,3987,4303,4524,4999,
1,407,845,1094,1493,1663,1814,1867,2034,2474,2864,3253,3399,3700,3546,4043,4490,4616,4999,
1,178,491,502,708,1114,1271,1562,1341,1803,1312,1796,2247,2149,2013,2507,2852,3321,2968,3461,3862,4204,4503,4999,
1,34,413,809,841,874,939,1223,931,1377,1287,1164,1652,2120,2601,3045,3389,3102,3536,3971,4467,4293,4748,4999,
1,250,714,1090,1308,984,1333,1582,1974,2166,2492,2558,3034,3190,3597,3854,4190,4627,4999,
1,171,586,1059,1253,1164,1608,1925,1977,2295,2632,2878,2970,3392,3596,3990,4317,4316,4769,4999,
1,235,592,830,960,1276,1384,1626,1982,2260,2632,2734,2853,3201,3667,3966,4232,4155,4597,4999,
1,75,510,761,560,940,1411,1613,1474,1833,2212,1956,2371,2587,3080,3277,3558,3434,3788,4287,4605,4999,
1,375,489,639,1126,657,1094,704,1185,1580,1904,2404,2800,2581,2699,2659,2639,2658,2923,3420,3652,4107,4046,4535,4999,
1,277,150,563,184,462,529,967,1228,1455,1904,2305,2314,2389,2760,3213,3555,3955,4279,4677,4999,
1,366,411,706,1165,1626,1912,1889,2126,2440,2829,2920,3295,3787,3868,4054,4217,4636,4999,
1,237,529,55,264,463,202,646,1097,1374,1782,1558,1560,1399,1808,2073,1983,2299,2774,3262,3619,4009,4456,4386,4839,4999,
1,272,8,19,192,691,727,1182,1273,1369,1828,1500,1960,2382,2783,3240,3496,3699,3616,3759,4251,4679,4999,
1,66,437,621,978,1108,1066,1437,1857,2202,2629,2669,2466,2389,2677,3175,3514,3427,3886,3934,4134,4600,4999,
1,14,45,520,1002,1446,1155,1602,1693,1897,1699,1666,2159,2606,2403,2826,2993,3467,3763,4259,4552,4999,
1,49,524,443,927,1173,1297,1734,2053,2191,2573,2877,3374,3689,4163,4522,4999,
1,249,676,709,395,563,502,834,1072,1120,1527,1808,2251,2454,2664,3070,3397,3682,4153,4213,4549,4999,
1,489,808,1203,1657,2140,2425,2820,2898,2750,3083,3103,3380,3833,4150,4340,4537,4999,
1,128,256,692,862,941,1359,1488,1836,2103,2440,2920,3049,3415,3483,3741,4125,4522,4999,
1,255,557,656,1059,1491,1834,1791,2167,2508,2646,3031,3300,3367,3696,4129,4577,4999,
1,63,393,598,581,942,1400,1268,1692,2015,1828,2112,2179,2555,3054,3319,3703,4147,4629,4999,
1,200,266,406,577,732,574,547,953,495,904,1316,1756,2255,2362,2784,2972,3038,3469,3514,3790,4213,4564,4999,
1,197,213,437,922,865,1179,1603,1923,2348,2715,3145,3605,3986,4457,4738,4999,
1,501,737,1092,1023,1299,1704,1904,2325,2220,2472,2806,3160,3618,3766,4181,4514,4999,
1,195,37,66,434,880,978,1004,561,960,1021,1425,1831,2051,2195,2655,2512,2390,2423,2606,2978,2716,2853,3115,3608,4038,4278,4538,4999,
1,349,830,1198,1535,1984,2432,2237,2664,3151,3628,4122,4406,4902,4999,
1,251,118,425,515,684,1027,1369,1539,1640,1995,1892,2335,2801,2825,3213,3599,4091,4512,4999,
1,501,768,1249,1627,2005,1769,1642,2142,2400,2628,2538,3013,3384,3787,4116,4528,4999,
1,155,285,555,987,789,1286,1459,1883,2368,2555,3024,3375,3758,4002,4222,4515,4999,
1,320,775,812,1274,1375,1279,1751,1553,1880,1662,1486,1763,2016,2389,2587,2692,3105,3377,3081,3545,3984,4260,4667,4999,
1,242,257,582,1041,1084,1339,1589,2083,2151,2416,2887,3371,3140,3590,3903,4204,4679,4999,
1,229,322,115,456,551,803,1285,1703,1982,2184,2340,2766,3020,3490,3841,4338,4629,4999,
1,191,631,1011,1441,1588,1936,2299,2713,2496,2707,3097,2780,2837,3051,3473,3605,3678,3723,4088,4576,4999,
1,450,721,1021,887,1249,1720,2143,2004,2450,2466,2754,2841,2722,3139,3376,3474,3827,4216,4566,4999,
1,453,33,148,648,562,1044,1504,1279,1487,1498,1792,2047,2501,2521,2735,2904,2923,3106,3592,4059,4361,4790,4999,
1,271,326,785,894,1276,1376,1563,2002,2344,2772,3139,3189,3416,3853,4344,4758,4999,
1,226,306,802,947,1421,1490,1969,2355,2560,2891,3068,3436,3742,4220,4535,4999,
1,477,659,758,741,1175,1134,1617,2065,2444,2904,3167,3150,3283,3701,3750,4060,4287,4168,4492,4846,4999,
1,390,862,1065,1058,1288,1500,1674,1826,2061,2460,2889,2875,3357,3461,3752,4245,4734,4999,
1,24,520,747,1147,1595,1999,2488,2822,3322,3438,3884,3775,4242,4551,4999,
1,459,882,922,1270,988,1401,924,1370,1580,1767,1894,2276,2576,2981,3292,3603,3347,3796,4220,4711,4999,
1,311,804,844,1279,1744,2068,2489,2287,2609,2983,3476,3917,4046,4115,4502,4999,
1,409,59,513,831,1020,956,1289,1274,1769,2217,2397,2457,2772,3166,3217,3347,3446,3427,3650,4002,4169,4239,4654,4999,
1,419,290,720,941,1303,1802,1641,2128,2252,2720,3138,3514,4000,4012,4323,4616,4999,
1,171,667,1068,1355,1813,2205,2545,2161,2541,2978,3042,3362,3645,3310,3802,4107,4606,4999,
1,431,922,1313,1325,1570,1467,1939,2022,2304,2706,2914,3233,3614,4062,4083,4345,4620,4999,
1,385,668,1128,1047,1376,1790,2045,2396,2809,3151,3624,3817,4313,4687,4999,
1,291,566,602,866,1339,1728,2213,2049,2420,2626,2786,3163,3609,3839,4061,3793,4046,4328,4583,4999,
1,353,319,809,1254,1133,1171,1276,1467,1590,2023,2012,2482,2872,3302,3678,3580,3931,4174,4427,4537,4999,
1,174,529,437,458,430,915,1391,1544,1707,1838,2146,2595,2981,3049,3420,3694,4135,4464,4828,4999,
1,500,389,491,905,1228,1293,1717,2165,2592,2933,3354,3512,3996,4462,4648,4999,
1,3,197,472,436,925,1269,1313,1809,1403,1672,2086,2574,2604,2968,3039,3495,3656,3585,3868,4324,4737,4999,
1,448,848,996,1073,1514,1508,1811,1888,2260,2285,2562,2833,3039,3288,3736,4104,4263,4154,4556,4999,
1,276,651,640,905,1282,1769,1984,1857,2333,2678,2916,2948,3235,3149,3535,3935,4390,4823,4999,
1,448,927,1123,1305,1748,2091,2102,1800,2193,2524,2825,3261,3732,3451,3695,4128,4326,4711,4999,
1,308,334,655,1075,1387,1720,1830,1672,1845,2020,2443,2702,3199,3403,3596,4010,3520,3937,4299,4726,4999,
1,442,938,857,1229,1449,1779,2034,2021,2519,2570,2938,3248,3113,3585,4068,3664,3940,3596,4072,4537,4999,
1,453,271,624,909,1282,1602,1580,1938,2407,2344,2302,2384,2793,3268,3410,2963,3254,3251,3421,3711,4210,4558,4999,
1,65,268,352,27,486,897,663,1133,1254,1188,1429,1903,2063,2465,2938,3421,3834,4249,4479,4864,4999,
1,380,651,768,683,760,1176,1502,1994,2147,2362,2528,2713,2983,3414,3506,3868,4090,4281,4749,4999,
1,29,433,47,442,411,524,848,1028,1500,1991,2416,2802,3185,3589,3937,4094,4413,4824,4999,
1,470,719,671,937,1226,1560,2004,2307,2283,2580,3065,3325,3776,4222,4612,4999,
1,404,473,613,735,1191,1396,1827,1855,2081,2438,2625,2714,2976,3310,3794,3704,4169,4616,4999,
1,68,528,271,699,678,615,569,833,1178,1628,2020,2412,2812,3014,3465,3846,4186,4683,4999,
1,236,601,403,869,1236,1633,1382,1757,2224,2659,2534,3023,3134,3513,3843,4280,4252,4655,4999,
1,450,863,1334,1079,1345,1268,1544,1693,2150,1862,2146,2626,2956,2708,3055,3511,3991,3871,3967,4307,4688,4999,
1,501,497,578,787,1207,1236,1506,1795,2218,2334,2168,2559,2760,3254,3492,3906,3478,3711,3995,4451,4535,4999,
1,328,265,87,339,835,1034,1492,1659,2027,2194,2453,2943,2951,3238,3653,3573,3832,4159,4368,4773,4999,
1,289,420,860,1164,1623,1404,1386,1783,2178,2570,2714,3162,3478,3724,4200,4588,4999,
1,393,379,478,879,1212,1676,1971,2432,2361,2308,2727,3211,3360,3438,3588,4070,4507,4999,
1,352,57,147,283,671,1013,827,1262,1702,1771,2234,2643,2975,3448,3775,4151,4592,4999,
1,307,462,840,748,1174,1328,1737,2084,2408,2885,3274,3585,4076,4574,4999,
1,159,623,1003,1217,1556,1250,1662,1968,1623,2035,2233,2623,2618,2788,3081,3252,3644,4013,4390,4752,4999,
1,318,666,561,714,1136,1470,1834,2139,2607,2542,2761,3219,3616,3870,4243,4520,4999,
1,287,340,583,929,1385,1862,1679,1901,2028,2038,2414,2614,2713,3107,3512,3717,4127,4515,4999,
1,500,707,1150,1476,1475,1889,2207,2563,2907,3325,3719,3782,3510,3898,4230,4657,4999,
1,482,411,879,836,581,847,1301,1775,2025,2502,2550,2740,3223,3708,3996,4227,4466,4518,4999,
1,284,303,782,439,810,1189,1525,1896,2367,2576,3008,3390,3842,3943,4361,4816,4999,
1,354,402,831,959,1336,1477,1828,2272,2586,2854,2882,2385,2288,2653,2993,3465,3957,3871,4256,4533,4999,
1,119,541,755,1191,1424,1480,1653,1998,1685,2138,2611,2879,2886,3189,2973,3423,3535,3312,3625,3884,4294,4613,4999,
1,122,516,821,421,485,954,1255,1320,1617,1451,1815,1518,1649,1514,1784,2044,2270,2500,2890,2877,3355,3603,3822,4041,4460,4588,4999,
1,495,971,1425,1385,1484,1957,2105,2417,2779,3145,3640,3916,4413,4268,4552,4999,
1,222,315,688,1162,1437,1225,1688,2181,2592,2503,2576,3023,3453,3487,3981,4137,4621,4999,
1,386,788,837,853,1311,1376,1873,1639,1555,2029,2495,2880,3060,3316,3277,3642,4115,4526,4999,
1,469,951,645,1042,1089,1261,1494,1743,2214,2701,2392,2575,3010,3458,3611,3588,4017,4509,4999,
1,43,504,985,1058,1224,1655,2064,2066,2491,2526,2910,3375,3727,4130,4616,4999,
1,406,550,440,866,1237,1710,1282,1149,1355,1718,2168,2568,3026,3517,3233,3632,3893,4321,4517,4999,
1,340,713,876,1221,992,1486,1670,2115,2364,2567,2205,2620,2889,3100,3497,3851,4261,4543,4999,
1,403,703,1003,1321,1101,1598,1709,1861,1923,2317,2492,2952,3345,3510,3951,4292,4538,4999,
1,56,451,900,930,1224,1497,1510,1947,2274,2752,3067,3272,3724,4181,4655,4999,
1,469,966,1435,1017,1510,1921,2172,2661,3028,3312,3449,3834,4042,4481,4664,4999,
1,493,899,1165,1443,1596,1574,1445,1897,1461,1747,1845,2288,2370,2712,3198,3601,4087,4523,4999,
1,303,801,1201,1588,2034,2382,2552,2717,2991,3410,3596,3903,4209,4648,4999,
1,264,680,977,1172,1591,2027,2233,2598,2788,2725,3115,3423,3901,4157,4522,4999,
1,223,390,168,563,289,562,959,1238,1502,1876,1982,2456,2792,2822,3060,3536,3115,3250,3014,3401,3768,4091,4509,4999,
1,137,390,755,1141,1375,1766,2160,2609,3075,3061,3393,3784,4163,4019,4220,4645,4999,
1,340,34,189,203,587,1007,1468,1577,1934,2429,2841,3101,3505,3986,4363,4644,4999,
1,223,660,848,1315,1693,2149,2572,2229,2585,2958,3288,3265,3702,4166,4419,4225,4608,4999,
1,437,666,229,618,1030,1166,1542,1739,2210,2452,2144,2641,2864,2632,3037,3246,3111,3427,3655,4136,4584,4999,
1,75,185,117,526,1012,1331,1412,1650,2034,2303,2529,3006,3013,3352,3483,3805,4152,4440,4803,4999,
1,68,498,953,1150,903,986,1180,1187,1566,1540,2002,2401,2693,2658,2902,3135,3456,3623,4053,4518,4999,
1,171,217,316,690,466,940,1436,1750,2060,2206,2681,2996,3392,3524,3155,3405,3859,4301,4091,4564,4999,
1,47,277,321,750,728,1016,1388,1875,2342,2210,2615,2563,2975,3406,3879,4273,4748,4999,
1,233,297,741,953,1175,1191,1258,1749,2151,2445,2940,3198,3434,3749,4155,4485,4612,4999,
1,122,392,490,947,1320,1519,1375,1780,2156,2344,2586,2528,2760,2989,3401,3078,3296,3623,3760,4207,4405,4764,4999,
1,394,663,427,879,635,992,1428,1880,2344,2790,3105,3453,3908,4274,4751,4999,
1,490,522,419,551,466,794,903,1390,1843,2315,2801,3006,3396,3825,4051,4423,4441,4593,4999,
1,468,863,1161,1298,1181,1343,1790,2256,2650,2870,3312,3583,3820,3972,4376,4678,4999,
1,249,592,1020,1436,1845,2304,2463,2884,3353,3846,4310,4805,4999,
1,347,780,987,1231,1640,1747,2198,2581,2810,3288,3634,4030,4247,4470,4634,4999,
1,131,622,1038,1242,1536,1303,1781,2101,2560,2467,2934,3101,3155,3633,4104,4507,4999,
1,121,618,670,1120,762,997,1090,1586,2086,2153,2557,2905,3214,2886,3297,3691,3995,4455,4051,4531,4999,
1,436,462,471,590,1009,1383,1806,1514,1983,2458,2403,2768,3134,3613,4008,4374,4776,4999,
1,313,786,1036,1079,1572,1975,2470,2607,3085,3211,3388,3345,3225,3631,4076,4512,4999,
1,396,735,932,1206,1421,1628,1843,2131,2555,2847,3228,3622,3952,4152,4615,4999,
1,74,10,450,260,701,866,945,1186,1443,1937,1802,2258,2559,3026,3005,3338,3827,4038,4336,4671,4999,
1,443,858,1026,1524,1523,1667,2114,2585,2883,3095,3522,3869,4184,4281,4371,4516,4999,
1,237,737,1208,1148,1431,940,892,987,1356,1845,2215,2709,2630,2686,3166,3556,3901,4362,4667,4999,
1,317,160,398,493,675,1128,1461,1894,2128,2385,2786,3187,3218,3646,4111,4473,4743,4999,
1,176,501,985,1381,1653,1687,2013,2492,2585,3066,3325,3587,4073,4368,4561,4999,
1,446,492,897,1339,1698,2179,2397,1953,2193,2457,2636,2379,2852,2760,2945,3320,3195,3318,3410,3458,3745,4118,4524,4999,
1,333,265,580,717,422,260,472,801,680,1099,1588,2029,2288,2558,2937,3406,3831,3985,4366,4684,4999,
1,443,131,305,673,855,1081,1169,1506,1888,2194,2642,2753,2624,2813,3287,3541,3930,4397,4862,4999,
1,236,685,1121,1038,1149,711,1206,1693,2066,1856,2350,2469,2850,3265,3423,3848,4172,4602,4999,
1,22,375,824,1128,1351,1779,2232,2668,3062,3473,3918,4233,4154,4626,4999,
1,18,505,57,261,760,1259,1710,2186,2226,2501,2642,3027,3501,3954,4401,4501,4999,
1,411,495,724,951,1156,1300,1696,1894,2083,2418,2424,2663,3015,3001,3421,3917,4326,4588,4999,
1,151,231,672,1092,1433,1675,1192,1432,1816,1814,1595,1825,1881,2259,2641,2889,3195,3649,4089,4534,4999,
1,37,19,109,75,523,817,320,606,1078,958,1187,1290,1769,2179,2512,2997,3308,3485,3805,4274,3911,4319,4552,4999,
1,123,374,840,829,1087,1570,1973,1647,2089,2212,2278,2742,3189,3322,3258,3742,4214,4260,4547,4999,
1,301,616,1088,1567,1420,1721,1917,2094,2473,2507,2654,2343,2319,2315,2694,2762,3045,2913,3360,3555,3945,4126,4565,4999,
1,316,142,354,435,581,851,1160,1453,1942,2306,2225,2628,2818,2888,3373,3586,3616,4057,4545,4999,
1,105,13,388,579,403,823,1216,1690,1615,2013,2512,2707,3146,3585,4045,4149,4646,4999,
1,189,546,364,832,1330,1764,2258,2246,2232,2626,2927,3388,3642,3785,4100,4554,4999,
1,225,695,1155,1654,1489,1657,1229,1652,1749,2127,2333,2423,2868,3249,3616,3700,3994,4324,4541,4999,
1,449,622,586,1084,1226,1343,1625,2055,2510,2968,3154,2923,3335,3581,3871,4275,4558,4999,
1,290,622,1062,1287,1565,1981,1897,1545,2038,2445,2384,2487,2867,3018,2914,3394,3402,3886,4185,4651,4999,
1,119,288,535,793,1001,1477,1774,1804,1732,2159,2637,2693,3131,3379,3661,3873,4164,4553,4999,
1,35,76,433,399,774,1245,1629,1678,1854,2281,2457,2859,3266,3656,4145,4523,4999,
1,243,626,1030,1507,1907,1755,1472,1640,1916,1888,2017,2257,2614,3020,3465,3949,4268,4432,4871,4999,
1,9,408,772,944,1409,1852,1716,1922,2374,2550,2621,2886,3054,3545,3635,4101,4103,4536,4999,
1,287,466,264,679,1164,1295,1146,1103,1318,1563,1787,2146,2355,2722,3221,3673,4118,4383,4516,4999,
1,208,672,197,321,576,1058,1436,1907,2263,2408,2444,2819,3037,3532,3374,3812,4210,4062,4418,4337,4544,4999,
1,103,441,905,1348,1588,1697,2090,1643,1364,1750,2168,2626,3012,3169,3483,3880,4349,4589,4999,
1,397,349,810,665,1082,1285,1642,1243,894,1338,1685,1912,2090,2588,2265,2299,2794,3214,3539,4002,4440,4689,4999,
1,109,247,353,470,947,1248,941,1395,1791,2112,2561,2563,2910,3075,3478,3810,4101,4316,4771,4999,
1,143,610,853,1092,1041,1476,1214,1521,1869,2206,2532,2044,2453,2944,3178,3478,3857,3828,4071,4503,4999,
1,275,429,890,1032,1385,1492,1688,2071,2362,2828,2467,2851,3161,3656,3969,4406,4901,4999,
1,177,355,416,724,1198,1661,1874,2346,2692,2949,3219,3358,3793,4226,4630,4999,
1,333,161,104,534,808,773,1088,1544,1622,1892,2361,2838,3189,3645,3646,4077,4510,4999,
1,45,339,712,1067,905,730,644,789,1285,1475,1861,2215,2565,2838,2784,2850,3256,3328,3453,3830,4161,4585,4999,
1,287,282,740,1135,1194,1674,1976,1804,2202,2582,2828,3261,3608,4056,4298,4707,4999,
1,488,632,818,1297,1484,1005,1427,1839,1676,2114,2594,3001,3357,3782,4142,4500,4999,
1,5,444,866,1353,1705,1914,2081,2472,2828,3053,2982,3331,3669,4006,4185,4509,4999,
1,354,581,627,375,592,1049,1304,1076,1573,1828,1684,2030,2343,2458,2929,3123,3534,3889,4029,4167,4528,4999,
1,48,307,473,942,690,1090,1318,1708,2027,2095,2237,2396,2785,3088,3197,3235,3617,4047,4482,4669,4999,
1,360,499,971,1152,1615,1993,2389,2607,2881,2986,3353,3549,4017,4158,4584,4999,
1,251,647,813,1085,844,1002,1383,1880,2054,2496,2928,3287,3757,4222,4605,4999,
1,23,440,756,520,925,1036,1014,1379,1326,1594,1675,2098,2470,2849,2964,3074,3308,3762,4026,4450,4917,4999,
1,281,687,1142,1596,1417,1761,1462,1962,2353,2412,2811,3214,3474,3911,4236,4605,4999,
1,254,478,969,1331,1790,1948,1961,2388,2495,2454,2826,3128,3516,3472,3883,4300,4651,4999,
1,187,422,850,582,789,910,700,819,1280,1775,1776,1450,1416,1762,1550,1909,2076,2492,2971,3194,3607,3838,4144,4570,4999,
1,176,552,984,1423,1570,1426,1794,2267,2740,2798,3119,3495,3603,3809,4235,4521,4999,
1,429,580,794,1195,1289,1748,1373,1719,2039,2181,2657,2607,2543,2908,3243,3626,3990,4467,4904,4999,
1,265,617,864,972,1327,1170,1432,1421,1754,2170,2533,2946,2552,2955,3290,3641,4024,3912,4174,4618,4999,
1,242,114,606,1071,1169,1527,1991,2133,2108,1960,2243,2638,2916,3211,3469,3944,4410,4859,4999,
1,258,384,196,678,1012,1307,1699,2141,2152,2143,2224,2269,2017,1896,2101,2191,2020,2234,2573,2975,3446,3883,4233,4628,4999,
1,115,99,527,632,1011,734,996,1159,1126,1615,2033,1778,2142,2495,2895,3053,3457,3771,4062,3983,4058,4540,4999,
1,307,662,390,664,1106,1428,1407,1866,1937,2150,2588,2627,2708,3156,3628,4084,4519,4999,
1,477,944,1402,1658,2114,2491,2651,2768,2965,3405,3583,4040,4459,4922,4999,
1,461,657,1131,1407,1597,1542,1550,1713,2190,2502,2692,2959,3422,3824,3719,4194,4481,4564,4999,
1,238,499,464,625,1108,825,1300,1542,1896,2339,2382,2879,3329,2966,3317,3763,3998,4383,4822,4999,
1,29,288,584,684,449,666,554,1016,1496,1660,1978,2413,2867,3112,3587,3949,4376,4703,4999,
1,362,602,667,683,1049,784,1277,1159,1650,1298,1448,1899,2306,2287,2472,2948,2829,3103,3590,4075,4538,4999,
1,52,159,508,917,1327,1805,2102,2291,2313,2599,2754,2979,3349,3737,4064,4394,4830,4999,
1,338,439,933,1208,1272,1698,2168,2655,2665,2833,3327,3740,3785,3859,4243,4417,4503,4999,
1,67,564,282,778,738,863,1256,1587,2057,2060,2216,2431,2919,3065,3551,3832,4320,4601,4999,
1,366,220,558,138,270,660,1025,1473,1915,2010,1912,2382,2689,3120,3556,3762,3979,4124,4557,4999,
1,252,751,688,959,1355,1795,1914,2234,2694,3127,3577,3704,4188,4557,4999,
1,9,496,778,1227,1586,1169,1130,1433,1812,1958,2391,2847,2885,3318,3703,4201,4585,4999,
1,391,79,387,537,650,1138,1546,1603,1618,1683,1955,2361,2801,2931,3300,3639,4085,4369,4340,4710,4999,
1,417,758,745,393,699,1111,1526,1645,1876,2163,2602,2969,3054,3211,3518,3953,4422,4576,4999,
1,42,410,249,632,884,1297,1145,1325,1509,1652,2131,2629,2683,3130,3532,3555,4044,4424,4866,4999,
1,190,533,968,935,1138,1465,1909,2066,1906,2258,2592,2681,3127,3586,3582,3684,3942,4287,4609,4999,
1,450,184,526,797,1245,1531,1827,2256,2717,2905,2916,3386,3880,4193,4656,4999,
1,86,66,516,672,1061,1439,1911,1669,2120,2145,2320,2772,3071,3214,3284,3466,3604,3961,4386,4492,4841,4999,
1,119,592,870,983,1372,1517,1680,2010,1767,2194,2642,3006,3235,3628,3977,4397,4829,4999,
1,168,639,1004,1404,1711,2165,2620,3029,3499,3580,3705,4088,4534,4999,
1,115,475,869,1336,1630,1227,1681,1693,2010,2254,2728,3131,3203,3299,3635,3778,4076,4147,4616,4999,
1,107,405,239,118,261,750,1110,1601,1890,2250,2680,2793,3209,3575,3899,4265,4353,4063,4554,4999,
1,23,506,771,587,995,874,1215,1677,1960,2127,2177,2605,3033,3483,3939,3615,4090,4581,4999,
1,16,330,673,869,1055,1080,1449,1723,2204,2580,2821,2754,3154,3603,3914,4276,4538,4999,
1,455,386,308,574,550,755,1022,1064,1111,1585,2003,2401,2766,2954,3286,3187,3517,3595,3988,3693,4128,4245,4620,4999,
1,52,159,547,786,1159,949,1379,1027,1211,1480,1870,1884,2235,2282,2781,3227,3580,3988,4395,4556,4999,
1,466,779,566,756,817,1158,1461,1258,1626,2080,2121,2467,2798,3180,3656,4051,4453,4180,4533,4999,
1,368,183,199,629,1009,1274,1677,1894,1936,2064,2475,2913,3351,3776,3851,4026,4385,4335,4510,4999,
1,377,712,960,1288,1332,1780,2121,2299,2002,1858,2192,2662,3015,2979,3189,3632,3624,3898,4293,4606,4999,
1,446,851,1197,1556,2045,2386,2821,3154,3443,3664,3829,3949,4100,4574,4999,
1,267,618,800,1176,1438,1614,1745,2143,1992,1760,1622,2052,2520,2864,3005,3190,3335,3739,4187,4521,4999,
1,31,39,464,529,844,1036,1187,1597,1666,1765,2184,1821,1883,2126,2587,2742,2959,3442,3826,4158,4608,4999,
1,11,118,504,487,507,940,1243,1707,1752,2017,2444,2846,2607,2791,3260,3667,4121,4620,4999,
1,426,44,352,845,1222,1672,1232,1223,1614,1856,1747,1772,2085,2365,2820,2747,3243,3646,4015,4512,4999,
1,184,636,774,563,1060,1458,1777,2130,1974,1829,2035,2432,2233,2715,2614,3020,3322,3601,4050,4315,4627,4999,
1,126,314,545,945,612,639,1138,1599,1829,1928,2017,2472,2535,2431,2709,3136,3422,3740,4183,4679,4999,
1,178,670,929,1420,1918,2359,2664,2956,3434,3814,3642,3973,4199,4259,4597,4999,
1,431,568,1028,1225,1694,2193,2532,2654,3058,3341,3720,4119,4003,3874,4175,4666,4999,
1,386,406,825,1275,1513,1804,1947,2201,2274,1795,2293,2758,3252,3690,3426,3779,4272,4505,4999,
1,323,603,1049,1437,1398,1736,2160,2554,2807,3198,3438,3123,3359,3512,3785,4214,4589,4999,
1,487,830,1220,1686,2104,2584,2844,2952,2861,3172,3530,3820,4245,4196,4522,4999,
1,263,494,589,832,904,1067,1340,1549,1775,2003,2394,2289,2455,2920,3077,3446,3521,3753,4185,4633,4999,
1,111,356,658,716,514,792,1199,1668,1833,1690,2128,2622,2957,3269,3246,3649,3921,4251,3945,3922,4371,4551,4999,
1,52,266,561,785,932,1398,1169,1428,1912,2285,2554,2948,3336,3805,3965,4429,4607,4999,
1,336,628,771,1032,1068,1383,1646,2014,1797,2084,2534,3018,3502,3607,3772,4096,4446,4888,4999,
1,479,909,727,675,789,1148,1279,1519,1870,2325,2720,3160,3127,3229,3674,4120,4079,4423,4868,4999,
1,368,313,410,898,1358,1723,1485,1892,2368,2864,3128,3626,3468,3843,4149,4625,4999,
1,471,862,1340,1677,2163,2588,2655,3149,3314,3719,4129,4459,4939,4999,
1,222,703,1192,1262,1702,2077,2427,2724,3152,3512,3522,3902,4035,4532,4999,
1,79,6,477,905,1264,1265,1656,2058,2087,2373,2689,3012,3313,3793,3704,4092,4142,4592,4999,
1,212,694,982,1150,1436,1575,1677,2129,2557,2800,3258,3699,4181,4597,4999,
1,391,567,336,16,256,598,513,645,1113,1508,1643,2104,2301,2171,2650,3011,3338,3689,4180,4504,4999,
1,472,369,82,507,838,1018,1460,1818,2054,2202,2042,2524,2871,3153,3639,4078,4560,4999,
1,469,928,1246,1462,1902,2380,2428,2779,3092,3393,3548,3304,3414,3826,4261,4500,4999,
1,335,661,996,1248,1433,1878,2204,2080,2486,2938,2952,3404,3438,3436,3626,4086,4585,4999,
1,389,776,1267,1701,1802,1860,2112,2496,2777,3159,3349,3722,4161,4441,4580,4999,
1,139,543,875,1153,1545,1459,1783,1941,2168,2431,2864,3184,3419,3582,4028,4522,4999,
1,286,496,553,939,1089,991,1474,1724,2206,2015,1668,1813,2111,2324,2583,3016,3439,3095,3431,3405,3632,4097,4586,4999,
1,326,674,658,888,1193,1619,2070,2267,2726,3173,3645,3398,3329,3827,4046,4387,4620,4999,
1,200,529,1009,1246,1430,1701,1351,1819,2117,1710,2190,2409,1944,2423,2503,2986,3450,3877,4324,4770,4999,
1,336,736,1233,1584,1767,1398,1676,2092,2589,2876,3084,3527,3936,4186,4453,4572,4999,
1,245,654,1079,1089,1549,1728,1974,2310,2611,3010,3172,3514,3991,3809,4236,4577,4999,
1,182,288,581,756,996,1396,1876,1760,2026,2518,2773,3157,3516,3831,4319,4646,4999,
1,480,455,495,816,761,1030,1208,1314,1643,2036,2475,2906,3171,3466,2985,3297,3747,4139,4333,4277,4129,4559,4999,
1,138,431,241,229,678,1020,1264,1663,2103,2417,2878,3203,3650,3810,4054,4411,4668,4999,
1,139,73,445,852,1168,1285,1630,1372,1777,1776,2230,2675,2665,2944,3369,3847,4220,4427,4529,4999,
1,278,706,1117,672,1165,1214,1508,1340,1792,2231,2499,2832,3309,3396,3437,3684,4016,4351,4786,4999,
1,283,344,709,907,1378,1701,2168,2511,2768,2953,3376,3530,3497,3710,3616,3984,4364,4837,4999,
1,7,142,592,1056,1179,1543,1707,1327,1607,1920,2179,2399,2733,2845,3289,3771,4234,4569,4999,
1,431,690,928,1223,1497,1198,1688,2012,2263,2033,2379,2808,3116,3544,3413,3869,4197,4637,4999,
1,8,324,622,715,1115,1217,1170,1669,1917,2202,2404,2793,3149,3552,3958,4373,4653,4999,
1,376,339,369,809,820,1277,1579,1597,1771,2093,2522,2619,2911,3001,3271,3762,4221,4587,4999,
1,489,969,770,1193,1604,2017,2440,2909,3272,3483,3912,4295,4609,4999,
1,133,45,130,227,713,862,1103,1052,1398,1813,2246,2697,3063,3325,3685,4145,4606,4999,
1,204,231,437,630,1083,1306,1777,2204,2562,2735,3219,3561,3749,3940,4264,4579,4999,
1,354,783,1070,618,975,1342,1376,1855,2344,2534,2936,2515,2741,2991,3249,3700,4011,4107,4323,4197,4502,4999,
1,390,680,1038,1399,1402,1540,1766,2074,2404,2704,2828,2474,2459,2918,2883,3360,3767,4229,4659,4999,
1,29,470,887,647,922,1399,1694,2150,2501,2881,3282,3710,4184,4178,4540,4999,
1,281,778,1220,1695,2192,2427,2749,2728,2806,3272,3656,3881,4270,4767,4999,
1,282,682,754,957,1448,1832,2230,2332,2742,3002,3462,3886,4158,4459,4876,4999,
1,250,444,333,600,842,1327,1780,2167,2647,2754,3191,3176,3477,3858,4312,4259,4286,4163,4656,4999,
1,445,855,1355,1689,1994,2285,2435,2737,3003,3436,3888,4020,4217,4714,4999,
1,377,869,1261,1569,2051,2505,2733,2956,3289,3717,4081,3807,4136,4211,4540,4999,
1,495,590,993,903,633,1030,1511,1890,2209,2592,3081,3544,3350,3283,3450,3768,4169,4552,4999,
1,471,490,918,1258,1117,1596,1927,2416,2415,2736,2831,2859,2640,3119,3121,3489,3897,4345,4680,4999,
1,255,680,829,1058,1157,1652,1704,1924,2185,2457,2405,2573,3054,3339,3378,3693,3820,3436,3712,3279,3756,4009,4452,4654,4999,
1,406,657,926,1139,1454,1925,2264,2530,2649,2635,3095,3350,3651,4080,4435,4848,4999,
1,75,253,479,682,955,1429,1621,1504,1848,2134,2358,2636,3105,3593,3445,3936,3772,4024,4360,4573,4999,
1,410,651,852,762,1146,1263,1734,1382,1832,1845,2221,2207,2667,3094,3553,4034,4359,4855,4999,
