1,19,31,49,64,79,95,100,109,118,116,128,143,145,161,168,180,182,190,200,207,218,230,234,228,246,255,263,271,273,265,280,290,294,306,315,325,341,337,348,361,376,385,395,409,425,439,453,451,464,482,483,500,513,520,519,537,551,557,574,583,569,577,594,601,605,620,631,649,648,666,680,695,708,724,734,751,752,753,757,775,785,801,800,796,814,827,842,855,873,879,892,910,925,931,948,965,971,984,1002,1017,1027,1045,1050,1055,1071,1086,1100,1113,1131,1138,1156,1174,1186,1201,1206,1200,1212,1217,1234,1241,1259,1273,1278,1287,1294,1305,1323,1329,1336,1352,1353,1370,1381,1397,1411,1419,1436,1423,1437,1443,1454,1467,1475,1484,1499,
1,7,9,23,33,42,43,58,72,88,106,122,119,131,125,132,150,164,177,187,190,208,224,228,243,260,265,274,277,286,283,299,316,333,347,351,369,387,381,370,385,400,403,417,420,424,438,455,470,487,499,517,531,549,559,574,590,598,602,619,636,641,658,674,684,688,697,715,731,749,762,779,784,797,813,825,823,826,842,856,868,886,902,910,918,933,938,953,944,962,960,976,993,1006,1008,1012,1018,1026,1044,1041,1059,1069,1075,1082,1098,1101,1106,1120,1125,1142,1160,1167,1181,1186,1204,1200,1218,1229,1242,1254,1239,1253,1270,1280,1283,1285,1301,1303,1321,1312,1323,1318,1332,1348,1340,1355,1364,1361,1379,1389,1396,1410,1419,1434,1447,1461,1456,1466,1482,1485,1499,
1,10,8,22,36,51,69,82,68,84,94,111,120,133,127,138,145,158,173,168,185,192,199,209,215,229,246,256,270,266,276,275,292,310,328,332,339,346,355,372,382,395,401,414,416,432,442,454,470,487,499,506,514,531,547,548,562,573,589,607,623,622,637,644,659,673,684,699,698,716,733,749,763,772,775,792,808,817,826,844,856,869,866,870,885,903,915,932,939,941,958,957,970,987,999,1004,1022,1021,1030,1016,1025,1036,1053,1055,1070,1080,1083,1101,1119,1137,1138,1134,1123,1136,1152,1167,1185,1199,1209,1227,1230,1246,1236,1250,1262,1280,1296,1303,1318,1333,1350,1363,1381,1389,1403,1414,1418,1431,1447,1454,1471,1476,1485,1499,
1,19,28,42,47,63,80,81,98,95,105,122,139,142,138,150,159,174,180,195,205,220,226,230,246,250,264,278,265,275,293,308,318,334,339,352,361,369,371,385,379,396,413,406,422,432,447,458,465,478,492,488,495,502,520,526,540,556,559,576,585,595,600,592,605,613,630,639,642,652,663,681,696,706,719,736,747,743,740,754,769,783,797,786,795,804,819,836,854,860,874,887,904,914,927,933,944,958,975,987,992,1007,1020,1023,1031,1044,1057,1075,1087,1098,1105,1122,1111,1117,1134,1149,1158,1171,1180,1190,1208,1215,1228,1245,1262,1280,1296,1311,1315,1330,1344,1341,1338,1350,1367,1385,1401,1419,1418,1430,1443,1434,1451,1469,1470,1484,1499,
1,13,12,24,37,36,42,58,70,77,95,111,125,129,141,137,152,168,180,197,209,225,241,255,272,285,297,313,328,345,357,355,371,387,400,416,411,413,431,441,457,474,485,501,513,507,520,536,544,562,579,592,597,614,629,642,650,665,676,674,690,700,718,732,733,743,758,776,763,774,786,781,796,801,815,828,843,860,871,887,897,901,916,923,928,944,960,976,991,996,1014,1031,1049,1067,1080,1094,1100,1117,1127,1140,1154,1166,1183,1196,1214,1221,1226,1236,1240,1254,1270,1279,1293,1295,1304,1322,1340,1356,1367,1379,1395,1413,1428,1426,1435,1446,1456,1473,1487,1495,1499,
1,16,34,45,57,66,76,86,102,116,129,143,151,166,169,183,200,204,219,237,227,235,247,257,272,274,286,293,310,327,336,352,366,382,391,403,410,412,429,447,458,473,485,497,496,502,505,508,525,528,535,542,544,555,573,583,600,599,616,634,652,654,666,682,681,679,684,698,700,717,727,743,758,768,786,789,797,814,815,833,847,859,862,876,887,898,890,899,911,914,931,949,953,966,975,989,995,988,998,1003,1015,1033,1043,1040,1036,1048,1065,1066,1079,1097,1105,1111,1127,1128,1133,1148,1166,1179,1187,1203,1219,1229,1242,1244,1249,1262,1268,1285,1296,1298,1306,1324,1339,1349,1354,1367,1370,1386,1395,1403,1414,1432,1448,1450,1468,1483,1498,1499,
1,2,17,32,43,61,73,68,81,90,89,87,84,98,113,127,134,143,157,172,181,191,201,211,217,234,237,238,243,261,270,256,273,268,285,291,297,312,315,333,341,357,375,374,387,390,406,421,429,435,448,461,458,471,478,492,510,522,538,537,544,561,574,591,602,615,633,648,657,662,673,682,696,713,724,731,748,766,761,757,773,780,797,809,820,837,854,864,869,887,885,898,912,906,910,919,934,929,947,964,974,981,996,1013,1017,1032,1043,1052,1067,1085,1089,1094,1086,1104,1109,1118,1130,1139,1147,1162,1178,1194,1201,1214,1227,1238,1254,1268,1258,1272,1284,1289,1292,1303,1305,1314,1326,1330,1334,1350,1366,1378,1395,1401,1419,1437,1441,1455,1473,1486,1472,1487,1496,1495,1499,
1,3,13,23,35,38,51,62,74,76,91,92,100,104,112,118,125,142,155,164,174,175,183,200,211,223,226,237,254,264,246,247,255,265,278,277,290,305,312,326,331,349,367,383,389,402,416,432,437,446,461,476,491,507,500,506,511,527,541,559,568,584,602,612,596,607,619,630,636,644,660,677,690,696,703,718,734,744,752,768,786,794,811,824,836,835,834,849,860,875,885,892,899,906,907,920,932,940,955,964,980,998,1015,1028,1046,1064,1081,1079,1093,1111,1129,1146,1147,1156,1171,1182,1189,1206,1191,1205,1221,1231,1242,1258,1273,1284,1293,1299,1305,1316,1320,1323,1336,1348,1361,1377,1375,1385,1388,1401,1407,1413,1426,1432,1450,1463,1465,1476,1489,1499,
1,8,9,27,36,40,53,68,84,101,118,121,123,116,128,133,148,163,174,188,206,216,220,237,252,260,273,280,294,312,330,323,341,350,356,370,387,402,420,432,442,459,471,483,499,516,513,530,548,554,563,577,569,587,596,603,620,631,616,630,637,651,655,662,678,686,691,704,721,739,734,746,762,769,779,793,801,816,824,830,844,853,869,885,889,903,918,933,951,963,977,985,990,1007,1008,1010,1016,1028,1044,1048,1061,1071,1084,1094,1103,1117,1126,1143,1132,1148,1164,1181,1194,1212,1230,1243,1261,1274,1286,1304,1321,1338,1339,1354,1369,1382,1399,1395,1401,1417,1434,1446,1463,1462,1466,1484,1482,1490,1499,
1,17,23,35,49,60,77,88,96,107,125,140,148,161,176,182,184,196,209,217,225,231,241,257,273,262,267,281,297,312,326,341,351,363,380,394,409,418,433,451,462,460,470,480,488,494,511,510,513,525,538,552,553,568,583,585,600,618,628,646,663,673,684,689,704,719,735,749,763,774,785,803,812,828,836,853,866,879,886,899,914,929,945,940,958,965,977,966,971,988,1000,1015,1027,1036,1041,1054,1065,1082,1086,1102,1119,1135,1143,1137,1145,1163,1177,1186,1198,1214,1213,1229,1239,1253,1261,1273,1258,1274,1278,1291,1306,1323,1315,1329,1332,1349,1367,1368,1384,1392,1404,1409,1427,1445,1461,1478,1488,1489,1499,
1,10,20,22,31,47,64,72,84,88,104,117,119,123,127,139,142,159,171,188,189,193,210,224,228,234,250,259,266,280,294,292,299,314,328,325,337,353,371,366,374,389,379,396,409,424,434,448,457,456,469,482,500,501,513,530,532,541,547,561,560,574,588,604,614,631,645,657,674,688,699,698,710,716,729,731,748,752,762,759,763,771,788,801,812,825,833,851,857,874,892,908,926,933,948,964,970,984,983,994,1012,1030,1045,1049,1064,1079,1087,1103,1101,1118,1105,1091,1108,1106,1116,1130,1124,1137,1154,1172,1171,1179,1188,1185,1200,1213,1210,1228,1242,1246,1252,1259,1271,1288,1306,1319,1331,1343,1360,1357,1372,1384,1396,1385,1399,1400,1417,1419,1433,1436,1439,1446,1456,1474,1482,1499,
1,15,32,25,30,45,63,74,75,89,97,108,107,125,135,149,161,168,184,202,206,219,229,238,250,261,269,264,272,288,298,311,312,325,337,334,352,364,365,381,399,412,424,428,421,437,447,455,470,479,481,497,511,521,535,525,526,544,562,576,586,588,584,598,611,622,636,654,648,666,660,675,688,701,712,730,746,757,774,785,803,807,799,812,815,832,847,851,835,853,858,868,877,891,902,915,924,932,938,942,957,973,975,985,1002,1007,1020,1033,1051,1053,1065,1074,1079,1067,1084,1098,1115,1121,1131,1130,1148,1161,1179,1181,1190,1208,1222,1216,1231,1226,1240,1241,1256,1270,1265,1278,1283,1294,1303,1291,1307,1314,1322,1325,1343,1350,1366,1365,1377,1392,1380,1397,1410,1422,1433,1432,1440,1453,1468,1482,1495,1485,1499,
1,17,31,30,48,66,76,81,89,102,106,123,130,143,139,148,146,147,160,171,189,196,210,205,213,230,247,260,272,276,290,302,315,331,341,357,371,386,399,417,432,431,446,444,443,447,463,481,498,504,522,512,529,541,558,560,553,570,577,587,600,609,622,635,645,662,680,698,711,724,734,749,766,780,784,797,799,801,818,836,848,862,869,882,900,913,928,934,950,955,968,980,987,994,1009,1021,1034,1040,1054,1068,1076,1082,1089,1090,1106,1123,1141,1147,1165,1178,1184,1196,1208,1206,1214,1228,1232,1244,1262,1261,1279,1294,1311,1319,1323,1341,1338,1356,1357,1353,1365,1363,1381,1393,1404,1392,1409,1402,1414,1431,1441,1453,1461,1475,1487,1499,
1,10,11,14,25,39,44,56,74,83,92,100,106,114,130,141,158,176,184,189,203,215,219,235,246,243,261,264,271,287,290,277,291,307,324,329,338,356,364,377,390,404,398,416,431,440,455,471,483,491,497,515,523,537,551,568,578,577,589,592,602,612,626,636,650,653,652,668,680,691,697,701,719,731,737,754,764,765,783,799,814,831,847,849,866,881,898,902,918,922,925,932,949,966,974,990,1001,1019,1037,1051,1065,1083,1101,1116,1129,1134,1152,1167,1176,1190,1193,1209,1224,1231,1247,1256,1258,1269,1268,1284,1298,1301,1306,1320,1332,1350,1358,1366,1379,1397,1400,1403,1414,1427,1437,1452,1448,1457,1446,1456,1470,1478,1480,1492,1498,1499,
1,5,19,31,33,49,53,69,84,102,114,123,140,158,175,189,206,223,233,246,253,260,271,284,299,315,314,324,328,330,344,358,362,361,379,395,413,405,414,429,420,432,450,461,472,485,503,520,534,549,563,569,584,602,618,633,647,662,671,673,680,697,710,724,734,745,757,771,787,798,816,829,841,855,867,874,876,892,906,922,926,938,935,946,962,972,986,1004,1010,1007,1015,1031,1041,1056,1073,1063,1066,1078,1083,1096,1103,1114,1131,1134,1149,1160,1159,1158,1174,1180,1194,1185,1193,1208,1213,1228,1246,1243,1261,1271,1289,1306,1317,1334,1330,1339,1355,1361,1378,1384,1399,1415,1424,1428,1446,1458,1464,1471,1482,1485,1499,
1,13,26,28,37,46,61,71,85,96,108,122,135,149,144,159,176,184,195,213,226,235,252,262,275,290,307,321,336,350,366,383,391,409,417,428,443,457,455,473,461,458,471,489,498,504,517,529,535,549,556,568,565,577,595,607,615,617,628,640,655,669,676,677,690,707,720,735,732,746,763,766,774,786,803,812,829,844,861,867,883,897,911,928,941,955,970,986,995,994,998,1012,1024,1032,1033,1049,1066,1075,1092,1107,1115,1130,1142,1157,1159,1168,1174,1190,1191,1204,1214,1225,1243,1261,1253,1268,1282,1286,1300,1314,1320,1337,1354,1372,1388,1400,1415,1431,1440,1454,1471,1478,1493,1499,
1,6,21,31,47,60,78,96,109,117,124,140,150,167,179,195,198,202,220,238,255,264,262,273,284,296,306,312,321,335,347,364,371,385,372,388,402,411,399,416,434,443,442,459,476,490,501,506,523,535,521,531,545,563,576,593,597,606,620,619,632,648,656,666,679,692,710,717,732,747,765,783,790,807,813,822,839,850,861,871,872,888,876,890,906,923,927,937,939,940,952,970,987,996,1012,1015,1026,1033,1050,1059,1077,1070,1088,1101,1118,1108,1121,1137,1149,1165,1178,1183,1175,1187,1194,1210,1221,1237,1227,1245,1255,1272,1283,1301,1314,1330,1345,1352,1346,1348,1351,1364,1380,1384,1402,1410,1427,1435,1452,1463,1477,1478,1481,1499,
1,6,21,31,49,47,62,65,52,69,79,86,98,116,132,126,135,136,149,159,174,189,194,195,211,229,238,250,268,267,273,284,295,306,320,324,342,355,370,384,399,416,433,435,439,449,452,464,477,493,504,507,519,534,551,568,584,598,616,630,636,631,646,651,648,665,678,693,697,711,725,741,737,744,760,748,764,776,786,795,794,809,823,821,838,855,863,873,890,904,921,932,939,950,956,962,980,987,999,1016,1022,1040,1055,1063,1066,1071,1081,1099,1116,1126,1136,1147,1154,1169,1184,1187,1203,1209,1222,1224,1228,1246,1259,1274,1271,1262,1276,1291,1284,1301,1318,1323,1329,1336,1346,1362,1370,1385,1395,1412,1426,1435,1453,1446,1461,1473,1464,1462,1478,1491,1499,
1,7,23,40,42,60,78,77,84,101,109,127,139,155,167,185,184,201,211,209,223,237,255,261,258,264,280,286,270,288,294,301,314,332,343,359,364,380,397,411,424,417,434,452,462,477,494,504,514,501,519,534,551,567,568,582,593,610,628,641,656,659,676,686,703,718,736,740,753,755,766,783,767,778,792,810,819,832,849,866,856,861,867,885,893,899,917,929,935,947,962,968,984,992,1009,1027,1041,1053,1055,1061,1069,1080,1089,1103,1106,1098,1114,1126,1138,1155,1165,1179,1189,1192,1204,1208,1218,1214,1232,1250,1255,1269,1279,1293,1304,1312,1321,1337,1355,1372,1390,1389,1404,1408,1420,1432,1434,1449,1465,1474,1492,1499,
1,4,12,20,25,39,56,63,72,77,93,108,122,125,134,145,162,159,168,185,197,209,213,227,230,239,246,254,272,279,280,287,301,315,324,325,333,351,360,362,379,388,405,419,437,434,436,453,466,484,500,513,522,525,541,548,564,577,584,583,590,608,624,623,633,647,660,672,684,699,711,726,728,746,739,757,775,771,782,797,813,807,816,822,825,830,832,846,863,876,894,909,922,937,940,948,945,954,969,985,994,1010,1011,1022,1036,1051,1068,1080,1087,1097,1110,1126,1142,1144,1160,1178,1196,1208,1209,1222,1237,1233,1241,1259,1275,1285,1296,1304,1311,1316,1332,1346,1351,1364,1378,1371,1383,1394,1410,1420,1427,1444,1450,1435,1451,1449,1462,1471,1484,1499,
1,11,9,10,21,39,53,67,71,89,90,94,111,123,136,143,154,159,166,169,187,198,212,217,232,245,261,272,284,293,309,313,323,322,337,351,359,370,377,392,394,405,417,435,452,465,473,489,494,510,525,541,532,549,564,575,592,607,615,630,639,657,654,667,664,679,697,709,705,716,717,707,725,742,750,764,778,785,801,800,808,821,828,839,850,863,881,895,898,911,929,944,950,965,955,970,977,995,1001,1019,1035,1041,1059,1056,1066,1071,1070,1072,1077,1088,1103,1114,1131,1124,1142,1155,1158,1173,1189,1205,1223,1227,1235,1247,1265,1274,1290,1295,1291,1304,1320,1336,1341,1352,1367,1374,1382,1393,1400,1407,1418,1431,1443,1461,1475,1489,1493,1483,1499,
1,5,21,37,55,69,82,84,92,107,113,100,103,115,129,140,156,153,159,176,192,209,218,222,231,249,267,260,278,288,303,320,337,344,360,373,388,402,397,415,424,430,448,466,479,485,502,515,521,527,535,544,552,551,555,562,580,596,611,626,624,623,638,655,671,679,685,701,718,729,742,754,766,772,781,796,805,800,815,824,840,834,846,856,865,882,889,891,902,918,933,944,946,954,965,977,978,996,995,999,1016,1032,1047,1050,1066,1078,1090,1099,1110,1123,1136,1145,1160,1168,1181,1189,1191,1205,1207,1213,1223,1237,1244,1261,1271,1274,1285,1295,1306,1311,1326,1341,1342,1358,1369,1365,1374,1380,1395,1399,1410,1423,1435,1453,1459,1474,1481,1494,1499,
1,6,18,8,24,34,22,27,45,55,72,86,85,95,107,121,137,148,164,173,189,197,215,211,222,235,237,252,270,285,302,300,296,310,323,321,334,346,349,355,345,362,378,387,401,390,407,414,405,419,433,450,466,484,496,513,527,544,562,567,583,581,589,607,622,628,646,661,670,686,700,715,724,733,730,739,755,770,788,796,809,826,811,823,837,839,854,862,880,879,895,911,927,940,954,960,965,981,997,1008,1015,1027,1037,1046,1061,1076,1093,1094,1104,1115,1133,1138,1147,1149,1166,1182,1199,1210,1227,1245,1235,1251,1258,1265,1283,1282,1291,1309,1307,1324,1340,1347,1356,1369,1380,1397,1410,1423,1420,1433,1444,1441,1454,1467,1478,1482,1495,1499,
1,17,30,35,50,48,64,68,84,101,104,103,117,125,138,153,156,161,163,176,175,162,179,194,212,214,232,246,249,256,273,287,303,312,327,336,354,355,373,389,407,419,430,443,459,467,479,476,480,498,512,529,539,540,557,574,577,590,605,618,636,649,658,669,681,698,700,703,720,727,731,749,763,779,781,798,809,812,823,841,849,858,870,888,902,894,911,905,922,928,937,943,961,948,938,954,970,975,971,983,1001,1004,1011,1007,1015,1029,1047,1050,1058,1066,1077,1093,1088,1106,1104,1116,1131,1142,1152,1149,1147,1163,1176,1193,1211,1227,1243,1260,1259,1270,1285,1303,1295,1305,1309,1324,1335,1351,1365,1378,1389,1406,1403,1421,1435,1441,1456,1466,1471,1478,1484,1499,
1,3,0,15,33,40,37,49,60,73,76,78,87,99,117,134,152,151,165,147,162,163,175,186,202,215,224,240,248,243,261,279,297,308,320,318,333,349,352,357,361,379,371,369,380,377,378,391,400,412,425,437,454,459,471,483,497,514,532,523,530,541,545,554,561,579,588,602,617,630,642,646,660,677,691,700,714,732,722,739,749,762,750,763,776,793,811,818,815,826,840,853,862,867,884,895,909,925,941,959,945,948,966,961,963,980,996,1002,1014,1028,1043,1052,1065,1070,1084,1089,1107,1116,1119,1127,1139,1152,1160,1161,1179,1193,1209,1211,1222,1228,1243,1236,1254,1272,1282,1287,1303,1315,1326,1342,1345,1344,1357,1373,1390,1378,1395,1408,1418,1431,1425,1441,1459,1473,1486,1493,1499,
1,13,28,39,52,51,61,78,75,89,104,118,135,150,168,183,182,199,208,217,223,241,255,266,274,289,301,311,322,340,330,343,357,360,352,365,383,400,417,427,441,447,435,453,465,478,489,505,511,526,542,551,558,555,570,587,601,605,622,640,644,648,641,658,669,686,688,692,709,723,732,736,751,767,784,793,806,820,837,841,848,850,862,877,872,880,890,907,911,929,936,947,955,956,965,979,978,994,995,999,1006,1021,1033,1035,1048,1062,1079,1090,1105,1111,1127,1136,1150,1167,1164,1163,1179,1174,1192,1205,1222,1231,1247,1242,1257,1258,1274,1273,1291,1309,1326,1337,1338,1347,1358,1375,1388,1398,1400,1416,1433,1430,1443,1446,1456,1453,1462,1466,1483,1489,1499,
1,8,23,31,41,55,69,76,86,103,118,130,145,149,165,182,199,214,227,241,259,261,268,282,291,308,312,330,343,346,356,369,379,389,406,409,424,442,457,458,470,480,496,511,525,542,546,564,575,584,594,606,608,625,640,633,642,660,668,684,686,692,706,716,720,729,741,747,759,769,786,804,816,801,817,813,826,839,836,840,851,852,849,861,877,887,904,911,929,940,952,962,955,971,982,994,1010,1023,1041,1030,1037,1045,1043,1032,1049,1063,1066,1084,1085,1095,1108,1120,1136,1145,1162,1176,1179,1189,1196,1212,1225,1237,1252,1268,1280,1293,1308,1319,1324,1325,1340,1350,1368,1377,1386,1388,1384,1400,1407,1424,1432,1433,1443,1456,1474,1490,1499,
1,18,32,46,54,60,58,67,84,100,118,135,123,139,150,168,178,186,202,210,223,234,250,261,277,293,307,315,314,324,337,323,327,334,352,358,361,356,370,375,390,407,410,425,440,448,446,456,465,482,496,510,527,542,536,547,552,556,572,586,595,601,619,631,642,627,644,662,666,678,694,697,714,725,735,741,744,762,768,783,797,810,820,835,851,865,860,872,888,902,916,921,939,957,966,983,995,1003,1005,1023,1022,1031,1030,1045,1057,1074,1084,1099,1106,1118,1121,1137,1145,1156,1174,1189,1207,1223,1240,1244,1257,1266,1272,1284,1295,1308,1315,1323,1336,1344,1356,1367,1384,1380,1397,1402,1419,1434,1451,1466,1481,1498,1499,
1,5,9,23,37,53,60,71,77,88,95,111,128,140,157,174,188,197,200,217,206,215,227,242,253,266,272,281,289,306,315,322,325,331,344,358,363,377,382,398,415,419,431,445,442,460,466,469,483,496,513,503,516,527,530,533,538,548,549,557,574,567,582,579,595,612,600,614,628,632,636,639,641,634,651,663,670,664,682,699,706,724,736,750,757,758,764,779,780,797,798,791,804,805,820,837,844,845,855,871,887,886,899,908,926,923,936,954,952,964,976,982,994,1011,1024,1032,1039,1056,1069,1079,1096,1087,1102,1118,1124,1130,1139,1150,1147,1164,1180,1190,1203,1199,1215,1219,1236,1242,1258,1270,1286,1292,1309,1313,1326,1321,1325,1340,1356,1359,1366,1379,1397,1414,1426,1424,1439,1453,1470,1474,1479,1497,1482,1499,
1,18,34,42,53,48,65,79,91,98,99,106,110,127,134,151,163,172,165,180,189,195,211,229,215,217,235,252,236,248,265,270,288,305,304,317,324,323,330,347,365,356,368,384,389,400,417,435,447,461,479,495,510,503,518,528,538,525,537,555,569,562,567,575,592,581,590,607,619,634,649,663,677,692,683,691,709,710,722,740,745,738,756,744,760,778,790,806,811,824,834,848,866,883,900,911,925,935,945,960,976,991,1008,1025,1031,1043,1053,1070,1084,1089,1086,1083,1082,1093,1101,1105,1119,1122,1128,1144,1158,1175,1192,1207,1210,1226,1239,1256,1269,1274,1282,1298,1306,1299,1311,1312,1326,1342,1341,1352,1366,1382,1391,1401,1418,1412,1428,1437,1451,1455,1473,1470,1487,1499,
1,0,15,30,48,57,63,75,82,86,101,102,117,128,142,135,148,163,177,193,204,218,217,220,228,245,258,247,265,270,286,303,313,330,332,338,356,374,392,410,417,429,428,441,458,471,480,492,510,527,544,559,575,593,610,627,634,647,650,667,683,693,698,714,728,732,746,747,762,776,784,802,795,798,812,828,838,841,857,869,867,883,895,904,922,935,950,962,978,965,983,993,1002,1006,1017,1021,1039,1048,1058,1062,1064,1082,1099,1109,1126,1133,1128,1139,1151,1167,1184,1200,1214,1230,1244,1260,1271,1287,1277,1290,1303,1320,1329,1347,1340,1336,1350,1361,1370,1371,1389,1404,1416,1420,1436,1450,1464,1482,1467,1472,1487,1486,1499,
1,19,33,50,45,58,67,80,96,107,119,136,148,164,181,179,189,193,197,210,213,212,218,211,225,241,259,269,286,284,280,295,313,328,340,356,374,388,401,417,407,419,437,438,446,460,471,472,488,489,504,508,524,525,537,555,567,574,592,599,605,617,611,627,645,652,669,678,693,698,714,729,739,757,772,790,807,815,831,847,854,863,875,890,904,900,907,914,908,922,936,951,956,963,981,996,1010,1027,1041,1048,1063,1081,1085,1103,1111,1122,1131,1148,1157,1169,1187,1200,1198,1213,1219,1237,1240,1254,1259,1276,1266,1282,1292,1295,1309,1319,1334,1341,1357,1361,1374,1385,1390,1407,1425,1429,1443,1442,1450,1464,1482,1499,
1,16,32,36,51,69,57,74,90,106,117,135,140,155,168,171,188,206,210,226,241,247,249,253,269,274,289,301,310,315,323,339,346,361,379,373,377,391,407,422,430,441,447,463,476,486,489,498,511,529,526,517,531,545,560,571,589,594,603,616,625,627,635,650,651,669,682,691,700,710,727,726,740,755,770,782,791,805,820,834,849,855,865,880,897,910,921,927,942,960,947,953,968,974,989,994,1002,1017,1032,1028,1046,1058,1076,1086,1095,1085,1102,1115,1128,1142,1159,1171,1186,1191,1200,1212,1230,1245,1262,1278,1283,1299,1313,1330,1341,1355,1369,1381,1392,1402,1412,1426,1444,1436,1445,1457,1466,1483,1499,
1,17,22,30,29,27,42,53,63,74,86,104,112,126,134,140,158,167,183,187,188,199,201,218,231,220,237,253,269,278,285,300,317,335,336,340,347,363,373,382,390,405,416,432,449,467,479,497,513,522,530,541,545,562,575,590,598,609,626,637,638,646,650,663,681,686,701,719,737,751,760,763,773,790,794,797,812,829,836,842,852,863,867,881,895,902,912,922,913,928,945,957,965,974,978,985,991,983,999,1012,1020,1035,1046,1061,1076,1086,1096,1103,1117,1128,1145,1153,1167,1183,1197,1204,1198,1216,1222,1233,1242,1256,1274,1292,1310,1324,1332,1348,1354,1370,1381,1397,1412,1419,1437,1439,1452,1469,1483,1498,1499,
1,6,5,23,25,31,49,65,73,90,102,120,134,148,151,168,183,182,199,210,225,243,236,254,268,273,281,297,283,293,304,316,333,344,355,357,370,387,404,407,412,425,434,452,459,467,471,489,493,497,509,524,540,558,543,557,570,587,599,615,629,630,644,650,657,666,679,685,703,719,727,742,756,774,791,800,816,830,842,858,876,882,900,914,923,908,925,926,944,956,968,984,1001,1017,1026,1015,1019,1032,1044,1051,1067,1077,1094,1098,1114,1101,1117,1122,1137,1153,1163,1160,1174,1188,1199,1204,1222,1213,1225,1236,1247,1260,1272,1285,1286,1301,1310,1328,1321,1317,1332,1338,1342,1354,1363,1381,1382,1400,1411,1419,1432,1442,1444,1460,1474,1484,1495,1490,1493,1499,
1,14,19,29,41,56,57,67,59,65,69,81,98,107,125,140,152,167,184,198,211,229,216,224,240,257,255,272,284,297,287,290,303,318,321,334,336,332,344,353,368,386,394,410,419,437,455,456,464,479,493,508,520,532,528,540,555,571,580,591,609,599,597,602,619,627,631,644,650,660,678,693,703,713,712,722,726,743,761,778,789,799,788,802,813,820,825,834,852,856,867,885,889,892,908,922,935,949,931,932,944,959,975,993,1004,1019,1001,1014,1032,1042,1054,1067,1080,1094,1100,1118,1130,1147,1163,1177,1194,1210,1228,1235,1253,1270,1279,1292,1310,1320,1332,1349,1361,1363,1345,1354,1367,1382,1397,1411,1422,1439,1445,1440,1451,1464,1474,1487,1499,
1,3,15,21,33,43,60,76,86,81,96,111,117,113,121,133,148,163,180,171,182,197,210,206,220,237,255,273,291,279,287,292,302,318,329,331,338,355,370,381,371,382,397,414,427,439,441,455,459,471,466,479,486,504,516,525,541,538,543,547,557,572,586,595,612,626,643,646,655,663,679,695,712,730,745,758,775,792,800,787,804,818,824,834,848,865,882,897,906,911,922,932,950,962,976,989,986,994,1011,1025,1042,1039,1046,1064,1078,1061,1079,1085,1101,1113,1120,1116,1125,1143,1159,1170,1180,1194,1212,1219,1232,1240,1257,1255,1267,1276,1293,1298,1313,1319,1316,1324,1342,1360,1375,1387,1400,1414,1427,1440,1450,1451,1445,1458,1461,1472,1483,1499,
1,18,36,45,62,76,88,85,101,114,120,125,141,157,170,186,204,201,216,217,218,235,246,264,267,281,296,289,301,318,326,341,355,368,366,374,390,405,420,434,444,460,473,475,493,511,519,525,539,545,560,576,585,599,617,635,641,645,655,664,676,686,694,700,709,724,737,733,730,739,753,767,783,799,814,824,841,852,860,876,894,900,911,907,922,938,952,964,980,998,984,996,1014,1027,1021,1033,1046,1049,1067,1068,1074,1092,1091,1104,1122,1136,1146,1131,1148,1166,1180,1187,1182,1183,1195,1192,1196,1206,1221,1222,1236,1247,1265,1277,1282,1297,1301,1294,1287,1304,1322,1331,1335,1340,1357,1374,1390,1407,1424,1436,1446,1456,1460,1466,1484,1499,
1,8,24,26,42,55,59,76,81,79,96,102,111,125,142,147,164,180,194,208,212,222,229,232,247,262,278,294,312,329,336,345,347,360,374,392,404,403,399,413,430,436,453,464,478,481,493,508,523,527,525,537,552,560,576,592,610,616,634,650,664,672,688,704,707,703,709,723,741,749,760,774,790,797,800,814,831,848,849,866,872,886,894,909,921,932,948,949,964,972,986,995,1005,1014,1028,1026,1044,1056,1073,1090,1108,1098,1110,1112,1126,1141,1143,1152,1163,1177,1166,1184,1193,1209,1222,1240,1252,1238,1253,1269,1287,1299,1316,1329,1327,1338,1355,1366,1379,1397,1391,1408,1418,1436,1453,1457,1474,1483,1499,
1,18,30,44,48,49,41,59,67,80,92,102,114,112,127,133,139,145,157,161,171,187,201,216,231,237,226,241,257,262,267,280,283,295,300,302,317,329,340,350,358,366,377,387,399,413,420,432,416,423,439,454,469,479,494,512,517,524,528,545,544,562,559,575,590,607,624,632,644,642,650,664,682,692,710,718,724,731,740,757,773,789,807,818,827,844,857,870,880,892,896,908,925,941,931,947,962,971,988,1002,1006,1016,1033,1041,1058,1062,1061,1077,1080,1078,1095,1112,1129,1146,1139,1142,1158,1173,1182,1184,1202,1217,1226,1244,1249,1254,1266,1279,1294,1309,1305,1321,1322,1327,1343,1356,1371,1381,1396,1409,1414,1410,1427,1444,1462,1456,1469,1463,1474,1480,1496,1499,
1,12,30,44,57,75,84,97,113,130,123,138,148,146,164,182,194,212,226,210,219,237,251,267,284,302,313,311,329,341,348,365,381,399,417,425,432,439,453,471,478,469,482,500,505,518,530,538,555,565,573,591,583,589,607,620,624,615,627,641,649,654,667,683,673,678,696,703,709,727,726,740,739,751,741,758,775,793,791,798,807,816,833,834,849,852,866,869,881,884,902,909,918,934,945,955,963,981,982,991,1008,1010,1024,1032,1050,1067,1085,1096,1106,1123,1127,1140,1156,1165,1182,1186,1191,1208,1220,1231,1249,1264,1274,1281,1288,1296,1291,1307,1317,1315,1333,1351,1367,1382,1397,1390,1402,1414,1420,1438,1422,1437,1445,1452,1462,1477,1484,1493,1499,
1,3,2,14,31,42,57,61,75,87,95,112,123,141,158,149,162,174,186,188,202,204,218,236,246,254,272,276,292,295,304,301,317,316,332,315,333,350,360,371,387,383,399,412,418,429,443,455,463,471,488,506,524,533,547,562,567,580,595,602,608,626,638,647,663,665,678,691,704,697,712,729,741,759,776,790,808,825,838,845,856,870,874,873,884,899,914,924,939,953,960,972,982,987,991,1006,1009,1027,1026,1044,1056,1061,1068,1084,1085,1103,1114,1120,1136,1150,1158,1174,1189,1193,1210,1226,1227,1243,1254,1264,1281,1282,1293,1303,1315,1333,1343,1361,1376,1375,1391,1405,1409,1426,1424,1427,1419,1420,1435,1447,1456,1454,1470,1476,1491,1499,
1,3,16,30,38,44,47,55,69,62,75,89,91,104,108,125,137,150,157,167,182,196,208,220,235,246,261,250,253,269,273,282,298,314,326,327,311,322,335,336,345,352,370,367,383,378,394,389,397,410,403,419,421,431,445,446,460,450,466,478,477,490,488,503,513,524,542,550,566,578,595,606,623,635,646,664,662,659,674,675,686,704,700,716,728,741,748,751,747,764,774,786,801,806,815,833,849,855,869,883,886,903,910,927,939,949,964,973,991,992,1004,1022,1036,1042,1053,1057,1063,1075,1078,1094,1099,1117,1131,1144,1155,1159,1175,1192,1189,1198,1212,1226,1242,1255,1249,1264,1265,1283,1299,1293,1306,1321,1339,1342,1333,1351,1367,1385,1395,1396,1413,1429,1441,1457,1464,1480,1487,1491,1499,
1,2,10,18,36,31,45,54,64,65,81,92,109,122,138,135,144,153,169,185,176,190,200,211,229,232,236,249,258,257,272,273,288,275,284,300,311,316,331,347,364,361,378,388,400,405,421,432,448,455,466,483,501,511,514,526,537,547,564,567,584,587,602,616,634,652,648,666,676,689,697,704,719,735,753,768,775,781,794,810,825,836,849,857,865,873,867,869,876,883,894,910,915,932,938,956,961,975,990,996,1011,1024,1012,1025,1033,1038,1051,1062,1071,1061,1076,1094,1109,1122,1136,1150,1149,1154,1170,1184,1187,1204,1222,1239,1251,1264,1268,1278,1295,1313,1315,1321,1333,1329,1345,1359,1374,1382,1387,1395,1405,1423,1429,1446,1445,1463,1481,1499,
1,8,21,38,52,68,75,82,94,111,125,133,145,149,164,179,195,194,207,223,240,239,257,275,291,288,297,314,327,339,355,373,378,394,395,412,422,439,451,466,480,491,496,509,525,533,549,558,574,587,603,621,625,642,654,667,673,689,705,720,735,747,742,738,756,770,771,784,795,811,828,833,843,853,864,856,865,858,874,884,898,916,925,930,941,936,953,970,987,1001,1014,1024,1040,1057,1074,1092,1101,1110,1120,1138,1152,1166,1177,1188,1198,1204,1213,1228,1231,1217,1235,1248,1251,1264,1280,1298,1315,1331,1334,1338,1352,1358,1370,1385,1403,1411,1429,1443,1452,1463,1466,1481,1494,1499,
1,7,13,30,47,52,65,81,91,102,111,121,138,154,169,185,200,213,203,217,234,240,257,269,285,303,309,321,333,347,360,374,390,380,384,394,412,430,446,459,469,482,495,502,515,531,549,562,571,573,577,592,607,620,633,649,652,670,679,692,709,727,744,762,772,786,803,815,823,840,847,851,868,879,885,895,878,896,911,929,930,945,956,965,980,994,984,995,996,1013,1017,1034,1052,1051,1057,1062,1077,1086,1098,1097,1114,1131,1141,1148,1163,1174,1183,1167,1181,1192,1207,1215,1232,1248,1262,1274,1283,1282,1290,1297,1309,1327,1343,1352,1369,1371,1384,1390,1405,1418,1430,1445,1444,1462,1479,1489,1499,
1,3,4,20,37,50,45,56,69,67,76,91,105,122,139,144,156,159,164,180,188,198,214,231,240,254,249,264,279,291,306,316,333,326,341,355,372,384,395,398,414,430,421,420,427,429,447,465,456,472,466,480,496,500,515,533,551,568,564,581,590,596,614,627,638,653,668,678,674,690,684,694,712,714,727,745,752,750,759,775,788,805,809,822,824,841,858,863,879,897,914,901,903,920,930,941,953,950,961,952,951,960,978,983,995,1009,1021,1030,1048,1065,1081,1072,1084,1097,1096,1113,1122,1139,1148,1165,1153,1168,1185,1201,1214,1219,1236,1241,1237,1249,1266,1284,1302,1318,1334,1352,1370,1380,1388,1398,1407,1410,1424,1436,1453,1466,1479,1492,1497,1499,
1,17,19,33,40,53,71,81,89,92,95,110,128,126,138,137,154,163,175,184,172,185,203,202,218,225,226,243,258,261,272,287,298,309,325,343,357,375,382,395,397,415,416,414,412,419,431,440,448,453,460,476,482,493,507,505,522,533,538,551,566,572,584,593,610,618,635,643,651,659,670,688,705,714,732,726,725,737,739,751,765,779,796,813,831,818,830,840,858,854,842,855,869,883,897,915,912,921,926,930,947,962,979,997,1009,992,1010,1017,1018,1032,1046,1058,1070,1084,1089,1105,1110,1124,1131,1148,1166,1158,1176,1189,1192,1203,1206,1224,1236,1253,1242,1258,1268,1286,1297,1299,1309,1323,1339,1353,1359,1376,1390,1392,1410,1426,1441,1456,1470,1476,1483,1493,1499,
1,13,18,35,40,54,67,74,85,102,118,107,116,121,139,146,150,157,174,188,195,198,211,215,233,243,255,262,276,293,304,302,318,336,349,363,381,386,388,402,415,419,430,438,455,454,464,475,477,486,502,518,526,542,548,563,577,592,606,624,637,653,657,659,662,678,684,702,706,710,722,739,749,764,782,793,796,808,811,823,841,848,833,850,866,873,889,902,920,918,930,931,947,958,969,972,978,968,981,997,1011,1024,1038,1042,1044,1062,1078,1072,1064,1074,1089,1104,1095,1105,1112,1129,1140,1158,1174,1176,1194,1195,1209,1213,1228,1244,1261,1279,1297,1310,1321,1337,1350,1365,1378,1396,1406,1419,1431,1433,1446,1443,1452,1466,1474,1483,1493,1492,1499,
1,11,28,34,46,49,59,63,79,87,90,91,109,127,132,135,146,163,178,196,204,210,225,242,253,270,276,284,287,303,300,297,314,317,322,340,356,357,373,389,397,415,431,442,439,446,454,469,483,497,515,519,521,531,542,544,540,554,570,587,605,609,622,639,653,668,685,690,707,721,713,730,747,765,775,789,803,810,820,836,848,859,863,872,887,905,912,918,933,932,949,955,972,970,968,979,996,1009,1012,1014,1031,1041,1045,1063,1068,1059,1077,1081,1090,1094,1108,1115,1124,1139,1149,1153,1167,1185,1203,1214,1226,1238,1254,1262,1255,1269,1286,1303,1317,1320,1331,1338,1349,1367,1385,1394,1408,1403,1421,1435,1447,1451,1461,1478,1493,1489,1479,1494,1499,
1,14,21,37,51,45,42,58,70,83,97,104,119,133,137,154,165,167,182,199,210,206,208,225,239,256,269,278,272,289,306,323,334,341,352,357,359,372,387,397,410,420,412,430,441,457,453,465,476,493,484,488,503,517,518,531,528,541,553,571,580,593,610,625,635,647,658,676,692,705,714,732,741,750,757,756,743,760,762,770,784,801,815,830,846,864,876,884,900,915,932,948,954,972,989,979,987,997,1008,1022,1030,1040,1055,1060,1069,1077,1092,1097,1112,1126,1118,1128,1141,1136,1146,1149,1153,1150,1165,1159,1168,1186,1181,1198,1216,1229,1246,1261,1273,1291,1309,1323,1332,1344,1358,1361,1379,1391,1401,1419,1408,1423,1421,1434,1446,1462,1474,1487,1484,1495,1499,
1,14,20,29,30,46,48,62,65,83,87,90,108,121,109,125,142,157,175,182,185,201,215,230,245,259,258,276,284,300,313,327,335,349,364,382,399,407,415,429,427,433,447,464,477,463,467,481,486,497,510,521,530,541,534,551,567,570,585,595,608,616,632,641,657,659,675,684,697,711,720,733,743,756,773,788,791,804,812,826,834,821,836,853,871,870,887,891,908,925,938,937,955,973,984,994,1005,1010,1019,1031,1038,1054,1063,1066,1077,1091,1104,1118,1134,1132,1146,1152,1170,1180,1195,1197,1210,1224,1236,1233,1249,1256,1269,1281,1295,1292,1308,1310,1325,1337,1352,1365,1370,1376,1390,1406,1410,1420,1434,1449,1435,1445,1457,1462,1468,1475,1490,1499,
1,7,20,31,40,39,49,60,67,77,90,100,118,132,146,154,165,183,194,211,228,241,245,247,249,266,264,268,278,275,292,309,326,321,339,347,358,369,377,389,404,416,412,430,446,453,456,463,479,480,491,505,520,537,547,560,576,587,598,602,615,633,647,665,678,677,691,693,703,717,732,749,763,753,771,781,793,808,824,832,839,854,860,872,882,896,910,926,940,952,965,977,994,1010,1023,1040,1049,1065,1078,1088,1105,1123,1138,1141,1136,1147,1143,1158,1168,1180,1184,1191,1200,1213,1227,1243,1255,1269,1284,1298,1301,1306,1319,1336,1351,1367,1382,1388,1406,1419,1437,1450,1467,1474,1485,1499,
1,13,4,19,29,46,56,72,77,75,87,105,119,130,131,137,144,158,171,162,178,195,212,224,217,232,240,252,263,281,294,311,324,331,344,360,358,366,374,391,388,401,418,415,403,409,424,440,455,461,472,484,486,487,504,517,503,521,533,535,543,558,574,587,578,583,599,597,612,629,625,636,654,670,688,703,721,730,747,759,771,788,804,792,805,822,820,838,847,863,875,886,895,911,925,940,955,970,984,990,1006,1024,1029,1041,1047,1052,1065,1075,1092,1105,1118,1134,1147,1162,1177,1183,1200,1204,1222,1225,1240,1250,1256,1253,1252,1269,1287,1293,1305,1318,1330,1343,1356,1366,1373,1371,1384,1402,1420,1438,1453,1469,1470,1481,1497,1484,1499,
1,16,23,32,48,62,79,92,107,121,138,154,167,168,186,202,218,223,225,243,255,273,278,287,304,314,319,337,344,356,374,390,397,382,388,399,406,421,434,449,463,470,488,498,509,525,542,551,550,557,559,566,583,579,585,591,597,595,611,615,630,645,663,654,667,671,682,684,702,715,733,740,750,763,771,783,797,806,819,820,817,832,838,851,865,872,885,893,911,913,919,934,944,955,967,979,994,1008,1026,1031,1017,1012,1025,1033,1043,1061,1059,1076,1081,1088,1104,1122,1120,1135,1133,1150,1165,1169,1156,1171,1189,1197,1209,1225,1237,1250,1268,1283,1291,1309,1323,1330,1347,1365,1358,1374,1361,1373,1388,1401,1411,1422,1435,1448,1449,1443,1454,1470,1477,1492,1490,1499,
1,17,35,48,60,78,95,109,108,113,111,128,145,156,147,158,174,192,203,220,227,239,253,271,284,281,291,289,307,310,313,327,345,351,365,380,391,406,422,435,433,443,452,470,480,490,488,506,520,531,546,551,562,574,590,594,611,620,635,653,656,672,678,688,706,724,734,740,753,760,774,781,785,801,818,836,846,850,868,877,887,894,906,921,937,954,957,974,973,977,994,997,1015,1029,1018,1032,1046,1053,1057,1074,1080,1095,1107,1102,1113,1115,1126,1136,1149,1151,1157,1167,1170,1179,1181,1188,1204,1213,1208,1222,1228,1220,1232,1248,1254,1257,1275,1291,1297,1315,1330,1345,1331,1348,1340,1352,1368,1373,1387,1394,1384,1396,1411,1418,1435,1452,1462,1476,1483,1499,
1,19,31,30,43,55,53,67,78,88,97,114,116,133,140,153,164,181,189,207,222,228,225,240,256,264,267,268,284,292,297,301,319,332,350,365,381,395,401,415,430,416,425,442,453,464,478,489,507,523,538,544,556,567,580,591,600,607,624,635,653,666,675,676,685,701,718,728,745,756,759,776,771,787,803,816,822,840,851,855,864,880,897,906,922,936,940,937,952,968,969,982,985,988,981,997,1004,1007,1020,1035,1043,1049,1067,1078,1086,1103,1109,1123,1140,1148,1163,1159,1168,1175,1173,1179,1191,1192,1202,1220,1236,1250,1247,1265,1278,1295,1302,1317,1320,1335,1343,1356,1367,1380,1394,1411,1426,1444,1452,1464,1477,1475,1471,1481,1485,1499,
1,11,8,19,28,40,49,67,69,83,97,87,103,115,130,142,152,159,163,180,174,190,202,215,227,244,242,251,268,271,267,282,288,306,312,328,323,333,339,344,358,372,388,403,405,423,429,443,459,475,477,484,496,503,521,538,529,547,565,582,600,606,608,624,642,655,670,684,697,703,719,736,739,751,766,773,783,797,813,815,819,832,829,836,854,865,877,894,888,904,921,931,925,937,949,967,965,975,979,971,985,1002,1016,1017,1035,1026,1043,1055,1060,1070,1071,1086,1102,1111,1129,1142,1154,1171,1186,1204,1207,1223,1241,1243,1250,1261,1277,1294,1301,1310,1328,1334,1337,1322,1340,1357,1373,1391,1397,1410,1418,1404,1412,1420,1433,1447,1452,1470,1482,1480,1492,1499,
1,9,0,14,30,33,19,37,46,50,68,82,100,111,125,139,136,151,164,179,194,212,224,221,238,254,239,250,256,273,288,289,283,293,296,314,323,338,353,363,379,375,391,400,399,417,429,432,438,452,460,459,474,491,509,519,528,542,556,573,572,583,595,601,613,611,615,627,635,649,656,652,668,673,687,695,700,709,717,729,742,748,764,778,794,795,808,815,832,847,852,866,882,895,905,916,930,940,956,970,987,997,1006,1007,1020,1035,1053,1064,1069,1086,1095,1097,1113,1130,1143,1158,1157,1170,1179,1197,1207,1224,1226,1229,1243,1240,1246,1264,1265,1270,1288,1282,1293,1303,1298,1316,1332,1349,1362,1375,1384,1400,1415,1424,1433,1444,1455,1463,1473,1484,1488,1494,1496,1499,
1,8,15,31,44,60,73,91,109,118,127,135,152,164,182,200,205,208,220,224,240,257,274,290,304,299,316,318,336,342,354,372,389,407,412,424,434,445,459,474,480,496,498,511,527,543,547,559,576,568,582,597,601,607,620,638,656,670,685,703,717,726,729,720,732,744,759,771,788,805,820,830,846,864,872,890,901,906,923,938,952,937,948,950,962,977,994,1005,1013,1028,1044,1056,1072,1084,1101,1118,1127,1133,1143,1152,1163,1179,1182,1195,1199,1217,1226,1236,1252,1266,1280,1270,1286,1284,1295,1307,1312,1304,1322,1339,1338,1352,1370,1367,1382,1397,1403,1415,1430,1436,1449,1457,1475,1486,1491,1499,
1,18,29,44,59,73,71,86,99,111,124,134,143,158,168,180,195,208,214,211,228,245,259,276,274,289,304,293,310,324,339,357,352,366,356,373,390,408,412,430,419,421,439,454,455,472,479,488,498,500,515,524,538,553,557,569,586,595,607,613,631,647,656,667,683,687,688,706,703,713,731,742,744,756,768,784,785,793,800,809,826,833,839,852,851,862,872,885,901,886,894,904,907,925,930,935,952,964,979,995,997,1008,1022,1024,1041,1058,1040,1047,1053,1070,1086,1098,1106,1114,1132,1136,1142,1158,1171,1189,1203,1206,1218,1230,1244,1262,1278,1293,1295,1305,1304,1318,1333,1346,1358,1376,1380,1394,1412,1415,1417,1413,1420,1424,1439,1445,1461,1477,1484,1473,1491,1499,
1,14,23,38,53,65,80,88,103,115,133,142,160,174,179,187,194,206,207,222,239,250,263,280,297,313,312,324,323,339,356,365,370,385,395,412,430,413,400,417,426,444,447,463,480,476,491,501,504,514,529,528,545,527,537,546,559,553,549,563,577,589,600,601,609,624,637,653,643,661,664,657,673,687,697,705,714,722,733,744,752,769,780,789,804,814,810,823,840,852,863,875,871,883,897,910,927,937,954,961,972,985,986,1002,1004,1000,993,1011,1027,1038,1053,1064,1074,1092,1105,1119,1130,1141,1155,1172,1185,1199,1207,1220,1217,1234,1248,1265,1279,1289,1304,1310,1302,1315,1332,1346,1358,1376,1394,1412,1424,1440,1442,1447,1461,1476,1474,1483,1484,1499,
1,18,30,45,48,61,72,88,97,113,128,141,159,167,174,191,208,221,226,232,250,260,268,286,272,281,296,298,313,324,337,343,346,364,367,381,386,404,416,433,446,438,449,458,474,486,480,485,501,519,507,521,537,533,541,545,558,574,592,603,617,635,647,663,680,697,712,727,742,735,752,766,782,792,804,821,823,835,852,865,874,869,882,899,915,924,942,960,978,991,1004,1010,1026,1036,1053,1066,1065,1078,1092,1103,1106,1123,1129,1146,1164,1179,1196,1210,1228,1237,1249,1262,1269,1279,1293,1303,1318,1335,1344,1358,1375,1387,1405,1413,1414,1430,1446,1452,1463,1481,1499,
1,19,27,45,51,46,62,68,78,88,96,114,127,133,125,140,156,149,154,168,167,185,199,195,204,206,219,216,233,236,254,270,281,295,302,300,308,317,330,347,364,382,400,408,423,438,432,447,449,464,479,488,506,509,525,533,551,568,581,586,602,610,628,646,663,672,686,701,716,714,722,724,741,755,765,752,770,772,779,790,794,807,825,827,839,851,866,880,895,912,923,940,958,974,985,999,1011,1027,1041,1059,1068,1078,1085,1077,1088,1098,1115,1127,1142,1160,1162,1166,1172,1186,1201,1209,1227,1238,1243,1261,1273,1283,1300,1311,1318,1313,1329,1334,1348,1364,1373,1382,1396,1413,1425,1434,1438,1454,1461,1472,1482,1486,1494,1499,
1,18,25,23,39,56,74,81,88,106,114,132,142,159,151,166,149,160,171,188,205,223,232,247,259,254,260,276,289,306,319,313,302,299,316,332,345,355,362,379,390,397,408,422,440,449,453,467,484,500,516,527,542,546,562,580,571,574,559,576,592,609,625,637,647,662,676,678,696,714,726,725,742,752,760,773,788,772,789,804,821,830,847,865,869,884,895,900,892,905,916,924,941,957,960,970,981,996,999,1011,1015,1029,1022,1040,1056,1074,1082,1088,1106,1121,1137,1151,1157,1168,1186,1194,1212,1224,1239,1244,1261,1277,1295,1293,1298,1300,1318,1328,1346,1345,1356,1372,1388,1397,1393,1409,1421,1418,1436,1448,1449,1467,1476,1483,1499,
1,17,21,36,41,52,49,62,79,96,108,124,131,139,154,169,175,188,194,208,209,222,233,248,236,239,254,262,274,285,302,307,320,338,340,355,373,388,387,396,407,415,425,429,421,431,447,441,457,473,491,506,522,529,544,556,574,582,599,607,625,641,633,644,656,672,684,686,702,715,719,729,739,741,757,773,776,793,796,807,810,817,814,831,847,850,864,867,884,886,901,911,920,937,944,957,975,993,1005,1018,1036,1028,1046,1062,1054,1072,1088,1104,1091,1105,1118,1132,1146,1151,1167,1177,1192,1205,1194,1210,1227,1235,1233,1249,1264,1274,1286,1296,1313,1331,1324,1328,1335,1350,1359,1375,1381,1393,1408,1400,1407,1404,1412,1429,1442,1455,1473,1476,1489,1499,
1,6,23,40,36,53,63,74,91,107,120,129,145,158,156,173,191,201,212,218,208,225,231,230,240,252,268,283,292,310,323,330,341,354,360,365,372,370,375,379,395,412,427,433,449,460,472,489,491,509,527,540,554,571,579,595,607,619,624,642,651,665,676,679,685,695,713,731,729,741,753,759,764,775,787,800,817,823,824,827,845,863,869,879,892,909,927,932,937,951,953,971,981,992,1007,1020,1014,1025,1040,1058,1076,1071,1069,1086,1097,1108,1118,1129,1130,1140,1135,1143,1160,1172,1176,1179,1189,1202,1195,1197,1205,1208,1224,1242,1259,1254,1257,1265,1266,1274,1284,1292,1298,1313,1324,1342,1357,1373,1374,1392,1402,1418,1434,1451,1465,1478,1496,1482,1499,
1,7,14,32,40,51,44,62,72,88,94,112,111,126,140,147,161,164,179,197,206,215,209,226,241,259,261,262,252,268,273,282,272,283,298,309,316,329,345,346,364,372,389,395,399,416,424,436,449,467,477,486,504,517,525,541,544,557,574,589,605,621,639,640,656,671,689,705,710,724,731,746,760,754,751,763,780,785,796,813,826,843,844,838,842,855,847,865,883,892,898,909,913,931,943,959,970,980,998,1015,1022,1039,1057,1069,1068,1085,1100,1106,1122,1126,1136,1147,1164,1161,1178,1182,1194,1208,1219,1221,1237,1246,1264,1269,1287,1303,1320,1333,1344,1358,1368,1380,1390,1406,1410,1421,1436,1448,1458,1468,1483,1491,1489,1499,
1,18,35,53,68,80,96,114,104,119,135,147,165,180,179,195,204,215,233,244,252,255,270,281,288,305,301,313,326,339,346,361,360,377,393,405,420,432,444,455,461,477,485,484,495,507,505,519,532,545,560,546,550,562,577,587,599,602,611,625,633,650,663,668,678,684,693,710,728,739,743,759,767,769,784,788,779,797,812,826,836,841,856,862,861,873,869,882,881,890,899,904,916,931,947,960,962,976,991,1008,1013,1022,1032,1037,1054,1068,1081,1099,1116,1132,1134,1146,1151,1169,1173,1189,1202,1216,1231,1238,1252,1268,1279,1295,1311,1328,1337,1341,1344,1357,1368,1385,1393,1391,1406,1424,1440,1447,1454,1470,1472,1480,1490,1499,
1,2,15,6,13,14,24,42,48,53,68,78,93,107,101,117,135,146,157,171,180,195,209,219,224,240,250,260,276,267,283,299,315,333,350,359,347,354,372,385,403,420,433,451,455,447,461,478,494,489,496,513,524,536,543,557,570,580,595,609,617,630,643,661,676,674,682,694,685,687,684,698,709,717,733,748,756,774,785,792,803,814,826,838,849,863,880,898,911,918,934,948,937,945,963,981,977,993,1003,992,995,1012,1027,1035,1050,1063,1081,1090,1107,1110,1101,1116,1132,1145,1156,1164,1172,1189,1207,1210,1227,1223,1225,1240,1252,1257,1262,1280,1294,1307,1319,1335,1350,1354,1353,1360,1375,1390,1399,1406,1421,1438,1456,1464,1476,1489,1488,1490,1499,
1,12,20,29,26,44,60,72,66,80,94,108,124,137,138,153,144,149,160,173,183,198,215,221,238,248,246,260,277,275,272,287,301,317,329,328,335,351,362,365,376,384,396,406,421,435,452,462,473,487,497,515,529,543,560,574,592,603,616,632,650,637,655,664,681,699,706,723,728,742,747,737,751,764,779,794,792,810,827,837,845,857,869,885,889,898,908,921,932,949,967,960,975,993,1010,1016,1024,1036,1050,1052,1069,1080,1098,1110,1119,1123,1141,1153,1167,1184,1178,1191,1205,1194,1199,1208,1220,1222,1237,1225,1243,1246,1261,1276,1278,1295,1303,1321,1328,1343,1347,1351,1367,1371,1384,1393,1410,1416,1434,1435,1431,1447,1451,1454,1471,1482,1483,1499,
1,7,14,20,31,49,65,81,84,94,90,106,121,130,141,153,150,158,175,179,195,206,224,220,232,248,254,271,286,300,299,308,318,334,351,354,367,384,399,414,396,412,421,423,440,450,455,465,457,464,471,489,498,486,502,520,533,550,556,569,583,578,595,612,628,637,648,643,652,659,660,665,683,697,712,730,743,760,769,776,790,799,817,815,831,848,859,875,890,903,896,913,926,924,939,954,963,969,984,993,1007,1010,1028,1039,1038,1049,1051,1055,1060,1070,1085,1096,1107,1122,1132,1141,1151,1158,1172,1189,1206,1221,1237,1248,1266,1283,1291,1309,1318,1315,1329,1335,1346,1351,1367,1359,1362,1378,1389,1402,1419,1436,1453,1462,1468,1470,1487,1494,1482,1499,
1,3,17,28,42,45,63,58,76,85,86,97,108,120,126,136,151,161,171,181,190,198,216,232,241,257,275,280,293,302,316,329,317,335,346,352,361,375,384,399,416,423,441,453,471,478,496,511,518,534,552,563,577,592,596,607,602,597,611,623,635,628,644,661,674,670,687,700,716,733,731,744,741,754,768,764,780,782,795,806,811,807,825,833,848,863,879,866,878,881,899,906,911,922,930,947,954,971,983,989,1007,1025,1027,1022,1031,1045,1051,1058,1075,1085,1099,1115,1106,1121,1126,1130,1145,1144,1149,1164,1181,1198,1201,1218,1226,1244,1255,1268,1276,1293,1310,1316,1323,1341,1342,1345,1355,1373,1384,1400,1411,1426,1442,1447,1452,1469,1477,1491,1499,
1,14,29,46,50,51,61,78,73,79,92,104,113,123,136,153,169,180,196,214,230,215,229,241,259,265,267,276,291,283,295,309,316,328,340,353,369,381,387,389,407,422,436,452,466,461,479,485,477,494,497,515,511,519,525,533,550,561,578,571,577,593,607,596,612,627,631,643,649,651,664,671,686,693,707,724,740,752,759,773,791,802,819,829,847,844,853,843,858,873,881,895,908,920,930,944,947,958,973,983,997,1002,1005,1009,1024,1027,1042,1031,1049,1066,1082,1100,1118,1134,1149,1158,1166,1184,1171,1185,1190,1206,1207,1219,1233,1244,1245,1236,1248,1265,1274,1268,1284,1302,1303,1311,1328,1329,1340,1354,1360,1356,1367,1376,1389,1396,1394,1408,1424,1435,1425,1441,1449,1458,1473,1481,1499,
1,12,27,37,51,66,84,68,78,92,81,83,101,116,132,149,151,158,171,188,187,204,219,237,255,244,261,274,291,301,313,316,334,338,348,365,375,377,395,391,397,411,428,444,453,458,474,483,476,494,510,528,546,553,566,581,597,609,613,628,643,651,667,671,672,689,702,714,712,721,737,747,762,764,776,785,793,805,816,803,818,833,847,857,868,879,894,907,911,927,938,937,950,935,948,955,965,975,991,998,1010,1021,1039,1051,1062,1077,1078,1093,1096,1101,1106,1112,1129,1146,1161,1160,1174,1182,1178,1183,1189,1205,1214,1225,1238,1255,1270,1282,1299,1307,1315,1328,1343,1352,1363,1375,1392,1410,1426,1437,1445,1462,1474,1491,1499,
1,17,4,18,33,47,58,52,66,74,82,98,114,132,145,159,176,186,204,214,232,230,246,264,274,287,303,295,307,311,316,330,348,359,375,389,406,424,428,440,433,448,461,477,491,504,517,533,541,557,567,584,585,594,602,601,614,630,631,644,651,665,679,689,701,709,724,742,757,773,780,786,799,816,828,844,849,853,865,876,890,898,915,926,943,960,975,982,998,1014,1008,1021,1033,1046,1054,1056,1073,1087,1090,1108,1116,1126,1131,1138,1156,1170,1177,1187,1195,1213,1218,1231,1245,1256,1262,1280,1290,1302,1316,1324,1332,1346,1343,1360,1373,1381,1399,1410,1405,1415,1432,1449,1460,1473,1488,1496,1499,
1,6,5,3,17,9,22,37,36,44,53,68,75,91,107,117,125,134,146,162,178,186,203,198,215,219,218,227,236,244,246,256,272,283,284,301,311,317,328,344,362,376,390,401,403,420,428,437,443,461,474,490,508,525,542,550,557,572,587,594,608,612,629,640,652,670,683,690,708,718,736,753,770,779,795,798,811,822,833,846,844,860,873,877,889,899,914,921,935,942,960,964,982,991,1002,1005,993,1006,1017,1020,1035,1052,1066,1080,1067,1084,1089,1103,1091,1109,1122,1138,1152,1164,1163,1174,1185,1202,1211,1221,1227,1241,1251,1268,1269,1280,1283,1296,1309,1318,1336,1345,1359,1371,1380,1392,1410,1427,1436,1438,1444,1460,1474,1487,1499,
1,9,26,25,24,41,53,70,77,82,98,109,125,134,147,159,175,191,199,203,208,217,233,235,252,256,267,269,285,296,297,300,314,316,334,348,365,378,394,406,410,428,434,451,460,466,468,482,500,515,517,509,527,544,562,576,587,586,599,614,630,641,649,667,681,680,693,705,711,714,730,744,750,759,777,793,795,812,817,835,850,845,863,860,867,883,885,876,890,897,910,924,938,952,970,983,1001,1016,1029,1032,1033,1048,1065,1083,1101,1118,1122,1134,1148,1162,1179,1197,1212,1214,1231,1239,1233,1244,1259,1265,1280,1287,1281,1298,1291,1307,1322,1332,1334,1344,1362,1374,1389,1393,1410,1428,1443,1447,1456,1469,1463,1480,1487,1497,1499,
1,11,26,44,54,62,72,73,88,91,105,111,117,133,150,152,165,161,179,191,209,223,226,242,246,262,270,276,285,293,304,312,325,326,334,349,365,383,388,398,399,412,425,433,448,461,460,473,467,483,499,504,513,531,549,553,565,569,576,589,604,609,626,636,653,668,666,684,686,697,708,707,719,729,737,736,745,763,774,789,798,808,819,837,822,839,843,858,874,882,892,909,913,928,936,930,934,944,950,966,983,1001,1019,1036,1053,1066,1061,1075,1085,1102,1112,1123,1141,1153,1168,1175,1190,1203,1214,1213,1228,1245,1262,1280,1298,1307,1303,1319,1323,1327,1333,1350,1362,1358,1363,1381,1382,1391,1407,1422,1435,1442,1452,1466,1484,1467,1482,1498,1499,
1,13,25,27,39,53,57,72,82,92,107,111,112,126,144,159,168,175,192,203,208,222,232,247,258,266,273,287,274,288,291,304,317,320,338,344,357,365,377,382,400,416,419,432,444,453,468,465,483,501,519,518,513,520,538,551,547,549,566,583,593,608,611,628,639,656,666,673,685,696,710,707,722,735,730,739,757,771,777,788,802,810,824,812,815,832,846,856,869,883,893,905,914,929,939,933,945,952,965,983,976,993,1005,1007,1010,1006,1014,1020,1038,1039,1049,1064,1076,1084,1085,1101,1114,1129,1145,1147,1155,1170,1187,1198,1213,1214,1223,1241,1254,1263,1279,1293,1299,1303,1317,1331,1338,1348,1365,1368,1382,1388,1393,1409,1424,1441,1440,1449,1460,1476,1474,1491,1494,1497,1499,
1,15,24,35,39,25,38,54,70,79,96,113,119,132,145,154,172,176,181,186,188,202,208,213,229,237,253,257,261,278,295,310,322,333,337,352,358,376,380,390,408,416,428,432,449,445,455,465,472,486,503,520,510,521,539,557,572,590,586,594,611,628,612,616,622,634,650,665,677,687,693,703,706,719,725,737,748,761,776,774,782,794,801,819,826,836,851,868,879,894,899,907,917,935,951,953,962,968,985,992,1008,1013,1025,1039,1056,1070,1053,1068,1083,1098,1115,1132,1149,1162,1175,1181,1186,1193,1209,1208,1223,1235,1247,1251,1259,1277,1291,1309,1317,1331,1339,1351,1355,1360,1376,1387,1400,1404,1416,1433,1435,1436,1453,1465,1482,1499,
1,3,13,26,44,56,74,76,81,98,116,126,142,134,146,151,167,183,184,181,193,205,221,229,236,241,259,272,290,305,311,324,337,344,359,368,378,391,399,415,416,432,447,444,461,476,490,499,517,521,539,553,551,565,583,598,616,634,649,665,679,687,696,706,700,714,730,748,758,770,786,802,815,820,835,852,865,870,884,895,913,918,927,944,962,977,992,1000,1008,1017,1030,1040,1049,1061,1078,1094,1112,1125,1137,1145,1151,1158,1172,1170,1177,1189,1204,1216,1234,1248,1253,1267,1283,1289,1307,1310,1327,1341,1343,1330,1347,1359,1373,1372,1384,1400,1411,1427,1440,1452,1466,1458,1475,1476,1490,1499,
1,15,27,33,41,50,54,57,70,85,97,111,122,134,146,163,161,177,172,187,202,211,226,231,249,266,282,296,308,313,329,312,316,333,337,353,354,368,378,391,406,420,437,447,462,461,477,491,509,525,536,549,567,584,590,605,614,632,633,638,635,651,667,684,672,671,686,700,715,732,739,736,754,772,783,800,805,821,825,835,850,860,862,879,892,905,923,938,949,958,961,976,991,994,990,1006,995,1004,1020,1033,1049,1052,1065,1077,1088,1105,1116,1115,1133,1144,1161,1159,1173,1189,1194,1198,1201,1213,1216,1229,1241,1255,1272,1289,1304,1298,1316,1328,1345,1341,1346,1363,1367,1385,1391,1393,1404,1417,1428,1446,1464,1481,1499,
1,0,16,32,48,54,69,86,91,101,118,131,142,149,163,158,168,186,180,189,175,191,195,197,214,231,233,250,247,263,259,277,290,294,311,324,339,345,353,365,376,392,398,408,423,441,447,448,449,465,463,476,484,496,512,524,539,548,540,546,562,580,583,600,617,622,635,637,653,665,682,690,699,714,732,744,754,767,782,778,796,813,829,844,861,859,872,889,903,920,935,949,964,982,971,988,993,977,991,1005,1017,1016,1024,1034,1050,1058,1045,1060,1069,1077,1093,1105,1121,1132,1139,1144,1161,1175,1186,1191,1207,1222,1238,1244,1262,1275,1286,1300,1295,1305,1320,1323,1335,1353,1366,1382,1391,1397,1411,1417,1431,1432,1448,1464,1478,1488,1499,
1,13,23,40,57,73,87,99,82,97,114,128,146,164,153,154,172,187,205,223,235,251,267,272,289,298,316,304,306,321,339,357,365,367,374,373,381,393,411,426,413,430,444,462,475,491,501,515,527,530,542,557,570,564,577,581,594,611,622,636,648,655,656,661,662,678,693,711,713,726,742,757,773,785,793,798,800,812,827,832,850,863,877,881,891,898,914,918,935,951,965,966,967,976,981,996,1014,1031,1036,1044,1052,1070,1087,1098,1114,1120,1132,1141,1154,1168,1186,1202,1206,1223,1241,1253,1268,1269,1280,1288,1306,1321,1335,1351,1358,1371,1381,1394,1401,1417,1428,1444,1457,1452,1466,1479,1490,1481,1499,
1,16,19,33,45,39,47,55,72,75,84,95,91,101,118,132,139,157,165,179,192,207,198,214,230,228,242,247,263,279,289,295,308,313,306,324,341,351,361,367,364,372,387,391,393,409,418,415,425,443,455,463,478,495,493,509,516,533,551,565,577,587,591,597,610,624,633,641,655,659,675,692,677,685,702,696,699,715,728,714,732,735,742,748,764,779,791,794,800,818,820,828,839,856,866,880,892,900,913,919,927,942,934,949,967,979,986,994,998,1014,1028,1045,1060,1063,1078,1096,1080,1093,1110,1127,1144,1158,1169,1157,1170,1188,1197,1210,1221,1229,1246,1264,1267,1280,1297,1288,1293,1308,1322,1338,1351,1340,1354,1362,1368,1379,1393,1382,1373,1374,1392,1398,1406,1421,1432,1445,1450,1459,1475,1480,1471,1482,1498,1499,
1,16,10,25,43,56,66,84,94,107,125,134,147,158,173,186,203,213,225,236,248,241,252,268,283,297,298,312,327,345,357,371,382,395,410,424,437,451,462,458,472,461,478,496,510,518,532,549,562,570,586,604,620,629,636,652,661,671,687,683,696,701,700,714,732,748,755,771,775,783,799,809,827,838,846,859,876,893,910,917,929,946,931,938,951,969,986,987,975,989,996,1000,1014,1031,1045,1062,1058,1075,1091,1107,1098,1115,1122,1132,1140,1155,1167,1177,1193,1199,1215,1219,1228,1232,1249,1267,1262,1269,1277,1291,1304,1306,1320,1332,1339,1357,1370,1373,1387,1402,1406,1422,1434,1443,1459,1469,1479,1483,1499,
1,14,26,37,55,67,63,74,89,102,98,115,130,138,145,146,139,157,169,168,177,193,209,215,223,229,228,242,251,267,273,290,304,319,337,353,371,385,402,417,428,446,456,447,461,467,479,495,491,506,518,535,542,560,577,574,585,594,612,614,621,619,623,638,641,651,669,684,702,716,724,740,752,763,773,767,775,784,791,795,812,829,825,836,850,867,883,899,910,920,930,934,925,932,942,954,965,971,986,982,984,1002,1020,1012,1026,1033,1051,1044,1062,1069,1086,1078,1095,1089,1101,1112,1106,1121,1137,1153,1168,1178,1195,1206,1219,1223,1233,1238,1241,1257,1265,1279,1293,1306,1311,1324,1331,1335,1344,1339,1346,1361,1364,1375,1391,1403,1414,1415,1433,1450,1464,1462,1478,1471,1477,1479,1494,1499,
1,6,18,34,31,42,51,66,79,92,110,127,136,145,158,161,168,183,201,218,233,248,252,242,255,271,270,285,291,297,307,308,326,325,343,361,362,374,366,382,398,406,416,417,423,435,450,463,474,482,489,505,506,521,523,535,546,562,574,590,608,601,598,603,619,629,644,648,662,679,677,693,708,724,720,737,738,754,767,771,783,793,799,806,819,821,833,848,863,868,875,885,892,894,910,928,935,933,950,965,977,988,997,1008,1001,1014,1024,1030,1035,1049,1063,1075,1093,1108,1118,1131,1123,1137,1149,1165,1173,1191,1188,1197,1213,1229,1246,1253,1269,1279,1297,1300,1295,1311,1315,1327,1341,1353,1356,1367,1374,1388,1406,1422,1425,1435,1451,1461,1479,1481,1491,1499,
1,8,5,18,34,50,66,72,90,95,96,111,129,145,162,180,189,194,200,215,225,223,233,247,253,269,281,294,309,319,336,348,355,372,390,397,408,426,428,431,442,453,464,481,495,502,514,522,528,545,561,575,586,584,600,616,633,643,660,668,674,690,706,723,740,748,752,765,781,792,808,804,822,839,843,854,869,867,880,890,904,922,925,937,952,959,966,984,997,1008,1001,1018,1036,1053,1059,1065,1074,1080,1098,1105,1114,1130,1141,1159,1173,1185,1192,1206,1216,1226,1243,1261,1278,1291,1301,1318,1334,1329,1346,1359,1367,1371,1379,1396,1412,1422,1440,1444,1448,1450,1459,1477,1495,1499,
1,17,23,39,53,55,65,74,88,101,119,133,141,145,158,173,171,188,206,214,226,243,258,275,290,305,323,329,339,356,370,381,399,403,420,436,445,452,470,462,479,492,501,511,526,541,559,558,575,586,599,617,632,644,642,656,673,686,702,689,700,717,727,743,741,740,758,771,783,793,805,802,803,815,831,833,838,845,857,867,876,889,907,903,898,914,930,944,950,962,963,968,983,994,987,1004,1016,1033,1028,1043,1034,1050,1067,1062,1077,1094,1089,1091,1105,1122,1130,1116,1125,1142,1159,1170,1173,1185,1203,1221,1227,1240,1258,1263,1253,1256,1269,1278,1296,1307,1306,1314,1328,1329,1332,1333,1351,1364,1376,1382,1396,1408,1426,1431,1444,1449,1458,1470,1483,1499,
1,13,21,35,41,54,63,80,82,95,113,124,140,144,150,167,172,177,188,203,217,224,242,255,265,269,274,291,294,305,321,335,351,369,379,390,401,413,430,432,443,456,462,465,476,487,500,517,530,547,556,569,575,588,582,595,609,615,622,633,634,651,669,684,693,707,715,732,736,752,765,779,796,790,786,795,812,822,839,844,859,873,888,885,889,904,916,926,936,952,967,982,986,1004,1017,1034,1045,1062,1064,1059,1076,1093,1092,1094,1112,1123,1135,1148,1160,1176,1170,1173,1186,1181,1190,1193,1208,1226,1230,1247,1264,1274,1284,1301,1312,1310,1317,1334,1351,1366,1383,1398,1416,1415,1418,1428,1441,1455,1471,1481,1490,1499,
1,12,19,11,23,27,29,46,59,73,80,93,104,115,122,136,147,150,167,174,189,199,200,218,233,234,248,265,254,271,285,297,295,310,328,345,363,367,375,388,394,402,420,432,444,461,458,475,480,493,494,498,511,527,530,532,534,548,556,568,581,599,607,618,625,635,637,653,670,688,703,718,728,745,755,766,784,801,799,809,805,810,806,822,831,845,843,861,873,887,904,910,927,942,948,934,935,953,963,977,983,986,1002,1007,1005,1018,1026,1043,1061,1079,1070,1080,1095,1093,1104,1112,1124,1131,1149,1135,1150,1155,1168,1181,1183,1196,1214,1206,1220,1238,1252,1265,1283,1279,1292,1303,1306,1320,1329,1335,1349,1366,1375,1388,1402,1411,1423,1430,1439,1447,1458,1470,1478,1481,1484,1499,
1,12,19,37,55,60,58,73,90,104,115,118,131,142,158,166,183,187,199,201,218,236,243,261,270,268,282,298,306,318,328,338,355,372,382,397,413,420,419,437,452,465,470,473,485,503,512,523,538,556,563,578,595,604,621,639,651,668,682,695,711,704,716,728,742,753,764,776,785,787,805,819,836,851,869,887,878,875,891,902,908,925,939,955,965,968,983,1000,1017,1005,1016,1024,1041,1059,1067,1080,1097,1104,1117,1120,1127,1140,1134,1148,1162,1170,1185,1201,1204,1190,1199,1193,1195,1203,1205,1211,1229,1227,1241,1238,1236,1252,1264,1277,1290,1284,1298,1292,1308,1319,1326,1329,1344,1358,1361,1378,1396,1411,1422,1429,1434,1445,1461,1479,1494,1499,
1,15,23,20,14,25,38,51,62,71,84,83,98,106,121,118,128,139,154,172,177,191,205,223,241,248,260,276,288,293,306,321,331,338,354,363,377,387,403,390,407,425,440,458,470,472,485,491,507,510,516,524,529,546,562,578,594,608,595,604,622,625,640,655,671,686,698,716,725,743,758,776,784,797,802,793,811,825,843,850,865,876,871,889,894,911,916,928,940,946,960,971,987,995,1013,1030,1047,1044,1055,1065,1083,1098,1115,1106,1113,1129,1142,1148,1166,1177,1194,1209,1206,1207,1224,1233,1241,1255,1261,1277,1282,1298,1315,1328,1337,1347,1358,1375,1388,1385,1389,1399,1414,1413,1423,1432,1450,1444,1460,1471,1483,1499,
1,15,25,33,47,58,70,75,92,79,97,115,131,144,140,158,168,178,193,196,214,210,228,244,252,267,272,289,299,314,322,325,334,348,366,377,386,404,413,426,431,416,432,446,452,462,480,493,478,486,503,507,512,509,517,532,549,566,578,591,600,616,608,625,631,639,647,652,667,681,696,713,727,736,752,748,751,769,777,795,813,826,837,854,866,870,882,896,891,905,913,922,923,937,938,945,963,978,990,1005,1010,1023,1039,1048,1059,1067,1069,1083,1094,1102,1120,1137,1155,1162,1180,1198,1208,1218,1231,1245,1246,1253,1269,1271,1287,1290,1308,1301,1314,1322,1340,1336,1345,1360,1371,1387,1405,1414,1430,1434,1438,1452,1467,1478,1490,1491,1499,
1,17,32,14,25,41,52,63,70,75,86,102,101,91,106,123,141,149,167,171,175,188,203,219,234,242,255,267,283,301,316,324,335,329,337,345,359,365,383,391,407,417,429,445,462,475,484,487,488,501,515,533,532,550,549,567,584,598,616,631,646,661,670,677,687,702,713,728,735,736,746,760,776,770,786,796,809,826,839,833,850,854,851,866,879,897,903,911,907,925,924,942,956,973,982,987,1002,1010,1017,1030,1040,1044,1062,1064,1078,1083,1100,1110,1121,1138,1146,1144,1137,1154,1166,1181,1189,1190,1188,1201,1214,1220,1234,1245,1260,1273,1285,1297,1296,1310,1319,1336,1341,1334,1348,1344,1362,1365,1377,1390,1401,1408,1409,1423,1439,1446,1456,1451,1452,1464,1481,1486,1484,1499,
1,2,8,26,43,31,42,60,69,59,74,88,102,118,134,151,138,130,145,152,170,185,201,207,214,211,218,223,225,242,250,263,273,290,302,295,300,296,308,307,320,315,327,335,338,356,370,385,394,408,426,428,443,461,460,468,486,493,507,521,526,537,552,567,577,595,613,630,646,664,679,686,692,706,713,718,733,744,761,762,768,779,795,810,825,842,858,873,876,891,900,916,910,923,941,957,974,992,1007,1020,1019,1036,1047,1063,1071,1086,1083,1093,1110,1127,1128,1139,1144,1159,1166,1172,1182,1191,1201,1215,1229,1245,1255,1272,1282,1299,1315,1318,1334,1346,1354,1367,1355,1373,1391,1404,1416,1427,1443,1445,1462,1451,1467,1471,1485,1499,
1,14,3,13,30,27,36,51,69,86,79,96,108,124,132,150,164,181,188,200,217,226,235,246,233,249,265,273,284,302,320,327,309,318,329,345,353,365,378,388,405,421,435,451,467,480,473,484,501,518,531,546,556,568,570,571,574,591,607,618,634,639,655,671,664,678,695,708,726,743,738,754,756,772,778,792,805,814,809,825,838,851,869,882,897,914,931,936,953,961,971,975,986,998,995,1009,1027,1042,1048,1053,1061,1049,1055,1072,1085,1094,1101,1116,1126,1140,1157,1169,1168,1183,1187,1205,1222,1239,1244,1252,1261,1275,1281,1290,1306,1313,1319,1316,1333,1345,1359,1367,1385,1393,1402,1418,1434,1438,1456,1474,1491,1483,1499,
1,4,14,27,37,53,57,72,84,73,86,99,106,117,135,136,139,156,172,180,188,200,213,224,242,233,250,268,281,292,306,321,331,346,360,358,374,390,404,415,421,431,439,445,453,470,469,487,493,511,527,526,536,553,559,571,584,600,608,618,627,642,659,665,657,660,677,674,692,698,709,721,704,722,738,753,771,788,805,816,833,831,839,853,866,861,872,886,900,906,921,916,934,946,933,949,967,982,999,1004,1021,1037,1051,1068,1081,1088,1094,1091,1105,1112,1118,1127,1126,1137,1147,1165,1175,1179,1187,1196,1207,1221,1238,1254,1253,1252,1265,1280,1293,1304,1316,1331,1329,1342,1354,1372,1369,1387,1390,1406,1411,1422,1435,1450,1466,1478,1494,1496,1499,
