4718,4533,4501,4129,3453,3110,3094,2732,2628,2568,2503,2164,1984,
4885,4822,4707,4293,3838,3148,3045,3025,2950,2877,2719,2334,1968,1823,1677,1507,953,872,404,368,208,
4663,4579,4421,3976,3849,3705,3543,3201,2821,2275,1565,1091,506,204,
3888,3879,3540,3400,3133,3107,2899,2796,2345,1669,1278,996,572,345,338,145,47,
4886,4585,4070,3788,3329,3120,2773,2386,1650,1338,1150,1130,598,191,67,
4809,4209,4149,4093,3984,3036,2300,2012,1536,1410,1095,1004,749,524,412,271,172,
4605,4586,4465,3849,3695,3442,3062,2868,2384,1971,1170,899,776,401,181,148,49,25,
4798,4732,4544,4509,4133,4081,3847,3099,2958,2935,2727,2380,1516,847,568,499,319,48,
4639,4138,4053,3908,3745,3498,3254,2975,2616,2522,2096,1913,1866,1088,927,838,271,
4749,4694,4194,4182,3871,3211,2929,2828,2791,1860,1633,1183,661,651,515,249,90,
4849,4324,4279,4093,3933,3622,3580,3372,3312,3065,2890,2335,1708,1340,1278,1035,430,189,107,
4525,4444,3935,3743,3693,3573,3494,3470,3298,3271,2827,2493,2208,2152,1004,943,226,20,
4902,4578,3852,3586,3328,3086,3062,2352,2102,1694,1563,1157,739,463,388,260,50,
4659,4522,4295,4108,4002,3400,3212,1682,1215,792,319,149,
4738,4373,4076,3912,3849,3720,3412,3272,3236,3050,2628,1858,1582,1311,294,124,6,
4506,4354,4076,3799,3750,3694,3568,3483,3207,3073,2780,2695,2077,1933,1901,1890,1403,1255,1083,502,250,
4497,4383,3902,3768,3723,3207,3018,3017,2732,2372,2164,1851,1537,815,119,
4735,3181,2830,2483,2382,2090,1690,1662,1324,1034,905,882,574,447,241,
4614,4209,4039,3467,3378,3324,3101,2763,1591,1258,1040,690,482,111,
4671,3603,3401,3304,2885,2515,2311,1890,1709,1203,1167,981,750,578,95,
4878,4811,4787,4748,4190,4082,4033,3831,3777,3599,2730,2409,1944,1720,1411,1336,1166,1113,769,515,123,96,
4741,4600,2583,2461,2161,2096,1945,1842,534,271,
4912,4860,4702,4551,4515,3619,3580,3282,3083,2803,2767,2705,2264,2144,1932,1542,1123,1093,984,893,669,505,
4645,4062,3947,3583,3502,3292,3174,2946,2394,2355,2020,1757,1691,1234,1062,987,491,339,248,61,28,
4775,4375,4333,3770,3643,3560,3288,3187,2973,2501,2288,2261,2017,1815,1584,1409,1066,677,358,
4798,4016,3910,3838,3727,3625,3480,2815,2668,2552,2333,2299,2174,2015,1869,1144,773,310,198,
4411,4275,4096,3974,3615,3327,3022,2633,2161,2022,1635,985,954,320,0,
4536,3956,3819,3649,3276,3159,2992,2903,2729,2630,1255,1045,945,390,270,15,
4579,4515,3660,3384,3219,3208,3134,3090,3023,2986,2905,2389,1654,1032,937,625,590,356,
4845,4663,4551,4504,4244,4105,3983,3685,3331,2738,1975,1881,1350,1089,768,473,429,
3878,3366,3201,2137,1817,1657,1564,1518,1154,261,22,
4289,3982,3886,3602,3179,2937,2674,2460,2349,2269,2174,2135,2013,1596,834,387,
4691,4613,4560,4306,4072,4027,3767,2150,1919,1040,959,547,
4653,4365,4014,3359,3103,2579,2043,1992,510,
4480,3869,3349,3323,3175,3128,2871,2558,2452,2262,710,622,34,
4599,4382,4175,3720,3629,2925,1362,1159,917,284,207,
4322,4173,3890,3808,3701,3567,3515,3404,3202,3045,2094,2056,2007,1067,91,
4384,4182,3616,3292,3078,2866,2543,1892,1805,1493,1087,950,835,402,
4543,4267,3790,3342,2643,2471,2324,2105,2095,2038,1868,1023,851,348,279,40,
4826,4632,3231,2418,2270,2131,1977,1624,619,410,407,222,212,28,
4597,4369,4333,4096,3842,3808,3779,3456,3202,2721,2197,2149,1723,694,333,281,45,
4585,4399,3605,3473,3366,3322,3039,2194,1283,1092,959,687,651,642,282,69,
4552,4385,3337,3208,3144,2946,2717,2593,2162,1700,1018,
4722,3946,3769,3739,3061,2844,2470,1846,1793,1657,1325,800,278,
4691,4595,4257,3536,3317,3178,3117,1939,1495,1341,1197,909,547,
4605,3974,3235,3041,1861,1424,1096,433,25,
4855,4062,3806,3496,3295,3238,3106,2937,2797,2575,2535,2263,2160,1915,1753,1583,1514,1055,392,84,
4219,4215,3755,3471,3337,2815,2067,1761,1407,1291,1069,1007,815,686,321,
4817,4392,4036,3615,2878,2840,2541,2098,2050,1946,1937,1845,1613,1556,684,629,246,
4809,4605,4029,4010,3837,3498,2483,2039,1976,1833,372,
4894,3779,3679,3557,3506,3242,2529,2107,1941,1265,1216,1172,880,812,670,597,552,281,210,24,
4352,4114,3866,3152,3124,2188,2153,1968,1623,1442,1328,1098,
4792,4580,4295,4176,3584,3316,3221,3036,2889,2724,1713,1664,1633,1561,992,671,577,300,250,151,
4875,4636,4386,3459,2455,2058,1875,1472,1349,603,454,364,91,
4628,4486,3953,3733,3274,3084,3014,2054,1936,1879,1637,1248,918,878,667,193,
4833,4718,4548,4184,3500,3218,2668,2465,2352,1890,1225,398,302,248,84,
4595,4573,4231,4021,3771,3017,2904,2878,2844,2498,2179,1638,1127,924,708,
3385,3317,3016,2565,2363,1878,1329,1283,856,850,779,557,148,
4793,4369,3199,2934,2839,2709,2008,1885,953,389,
4175,4135,3657,3580,3360,3122,2652,2438,2415,2285,2109,1993,1047,862,688,465,112,54,
4821,4398,3556,3074,2968,1777,1714,1552,1392,1328,852,106,
4402,4008,3993,3916,3436,3165,3085,3005,2879,2760,2609,2564,1992,1941,1672,1473,1467,1229,1033,660,320,183,51,
4797,4725,4615,4527,3553,3010,2496,2284,2226,2018,1947,1678,741,559,24,
4740,4288,4029,3719,3518,3088,2816,2730,2623,1576,988,804,743,503,332,
4616,3993,3508,2604,2110,1727,1355,1056,1020,827,722,695,476,141,
4347,4095,4005,3188,2805,2762,2481,2449,2416,1814,1609,629,524,407,310,
4797,4410,4022,3996,3795,3621,3410,3091,2807,2521,2447,1559,1426,1311,493,257,
4911,4123,4026,3943,3642,3567,2827,2760,1570,1075,986,637,161,8,
4537,4510,4316,3607,3473,3084,2933,2295,1668,1555,1423,1363,810,789,486,337,
4867,4537,4355,4034,3750,3535,3488,3345,3240,3090,2902,2821,2506,1836,1705,1119,643,
4863,4343,4311,4037,3551,3231,3039,2099,1990,1956,1804,1407,
4377,4355,4142,3174,2535,2445,2218,2126,1731,1534,890,679,596,301,38,21,
4346,3120,2815,2176,2111,2074,1922,1707,1645,1407,1376,1101,
4402,3826,3565,3360,3245,3144,2948,2879,2618,2276,1703,1218,863,636,202,
4814,4460,4333,4222,3005,2858,2033,1901,1749,1657,1255,1164,792,304,232,
4793,4193,3266,3217,2909,2845,1873,1844,1344,818,543,321,
4673,4442,4188,3911,3550,2993,2953,2709,2573,1613,1530,1276,1208,33,
4843,4465,3965,3878,3597,3480,2988,2682,2427,1965,1664,1616,1053,784,538,339,247,11,
4560,4273,4082,3924,2563,1845,1414,1177,797,717,450,
3984,3794,3457,3003,2402,1726,1516,1356,905,146,
3919,3310,2780,2707,2195,1929,1798,1261,1066,909,604,166,
4526,4197,4071,4019,3914,3521,3230,2752,1938,561,459,213,
4191,4083,3950,3815,3698,3563,3343,3068,2018,1323,1063,979,708,515,479,49,0,
4816,4630,4545,4511,4436,4354,4262,2774,2709,2597,1512,1328,733,555,308,285,274,66,
4493,4355,4249,4118,3773,3724,3623,3466,2588,1983,1901,1797,1341,1311,1277,1071,1036,1019,585,569,140,23,
4436,3654,3130,3034,2814,2616,1876,1176,869,445,426,101,
4314,4293,3901,3759,3201,2551,2373,1796,1485,1271,1253,1113,1045,524,400,
4510,4401,4391,4176,4085,3901,3756,3449,2429,2099,2006,1990,1793,1377,1343,911,640,478,324,
4658,4296,4237,3964,3677,3232,3120,1900,1486,1370,820,766,549,505,450,222,22,
4879,4581,4456,4065,3373,3321,2830,2667,2542,1954,1854,1571,1440,1038,593,
4598,4181,3758,2633,2453,1919,1173,802,266,104,
4382,4303,3123,2967,2589,1995,1725,1264,917,695,16,
4801,4581,4529,4256,3634,3505,3478,2743,2685,2297,2056,1804,1755,1325,934,733,158,118,
4490,4374,3882,3751,3380,2968,2656,2502,2473,2073,1703,584,393,38,
4715,4431,4200,4085,3696,3297,3074,3045,2685,2286,2149,2070,1974,1592,897,614,431,
4009,3964,3559,3059,2881,2793,2587,2089,1886,1451,1429,1065,562,538,392,347,180,78,
4598,4270,4224,4064,3682,3502,3450,3089,3065,3023,2925,2708,2232,1587,1276,1165,868,754,702,694,418,200,
4723,4695,3952,3289,1849,1656,1372,1046,758,429,362,53,15,
4637,4410,4159,3877,3185,2986,2052,2013,1941,1834,1659,1294,1285,893,672,
4532,4506,4339,4137,4103,3724,3035,2508,2105,1960,1885,1368,904,557,523,34,
4509,4449,4199,2903,2315,1841,1269,1139,728,102,
4861,4843,4800,3512,3143,2965,1962,1946,1841,1293,822,715,
4503,4074,4038,3978,3886,3243,2423,2370,2310,2150,1853,1834,1649,1606,1493,1377,1187,819,627,244,
4696,4509,4442,4348,3693,3552,3052,2822,1936,1813,1164,620,
4494,4335,4255,4050,3725,3546,3318,2970,2879,2620,2284,2104,2070,1902,1715,1560,1143,684,274,152,
4817,4616,4440,4180,3965,3503,3286,2979,2918,2898,2421,2172,656,537,475,288,154,
4890,4705,4276,4157,4018,3650,3403,3354,3052,2621,2492,2440,2295,1410,653,
4878,4741,4614,4568,4355,3324,3274,3047,2917,2726,2192,2058,1805,1416,1328,1159,778,579,354,140,
4660,4551,3745,3402,2909,1768,1605,914,379,
4223,3930,3385,3345,2993,2315,2271,2003,1722,1646,751,136,101,
4885,4811,4514,4304,3982,3537,3499,3195,2887,2444,2437,2043,1451,834,718,380,
4635,4354,4093,3867,3704,2952,2937,2750,2561,2475,2279,2215,2068,1672,1000,912,513,225,66,
4394,4309,4010,3795,3694,3660,3477,2865,2465,2183,2054,1976,1955,1256,1035,1030,378,250,79,44,
4714,4617,3840,3486,2679,2395,2216,1858,934,790,623,
4110,3784,3071,3003,2567,2254,2058,1987,1066,961,723,462,245,200,186,51,43,
4854,4674,4248,3983,3969,3753,3733,3654,3565,3443,3048,2804,2284,2201,1999,1870,1509,782,544,
4545,4206,3348,3276,2977,2826,2533,2252,2102,1281,1187,1106,377,120,
4342,4273,4058,4043,3740,2551,2375,2325,1625,1437,1043,856,581,57,
4802,4315,3889,3847,3762,3329,2602,1961,1806,959,906,844,823,619,
4454,4183,3669,3441,3318,3186,3070,2724,2643,2455,1830,1784,1746,1483,1430,1386,1041,474,163,3,
4782,4499,4418,4402,4010,3932,3330,1838,756,376,
4664,4479,4288,4198,4169,4087,3314,2497,2391,2106,1500,1253,1084,517,496,322,150,
4394,4347,4180,4103,3374,3273,3008,2466,1895,1385,1001,607,523,398,81,
4817,4728,4413,4353,4117,3713,3436,3253,2265,2019,1494,1310,1021,468,173,118,
4303,4081,3455,2665,2598,2405,2293,2021,1999,1907,1649,1398,1074,807,657,280,189,33,
4410,4258,3929,3282,3116,3022,2888,2653,2553,2417,778,431,360,200,
4722,4587,4438,4166,4106,4085,3929,3879,3857,3454,3071,2060,1407,949,855,320,218,
4191,4151,3728,3592,3513,3461,2545,2491,2293,1620,1384,1228,898,725,199,146,
4812,4641,4580,4560,4024,3110,2885,2552,1633,802,720,380,196,
4653,4110,4041,3927,3395,3251,2447,2213,2187,1661,1240,1064,186,64,
4517,4264,3987,3670,3558,3454,3366,2876,2849,2654,1967,1802,1355,1195,1095,657,149,
4397,4378,4035,3870,3395,2522,2229,1983,1932,1689,1675,1476,1403,743,500,483,153,75,
4766,4650,4340,4001,3892,3726,3542,3472,3378,2953,2789,2780,2392,1712,1412,817,583,172,170,
4699,4230,4118,3808,3538,3356,3114,2997,2812,2762,2604,2344,2283,2257,2061,1908,1670,1084,731,642,336,
4215,3948,3777,3662,3530,3333,3109,2946,2553,2466,2280,1958,1489,1241,1167,894,389,
4890,4535,4309,4108,4071,3836,3337,3317,3222,2902,1785,4,
4726,4630,3810,3645,3439,3312,3174,3078,2851,2631,2304,2289,2028,1674,1496,1393,1185,1096,971,931,570,116,
4195,4173,4042,3916,3721,2527,1904,1643,1547,554,45,
4443,4127,3566,3506,3291,3114,2945,2749,2502,1819,1717,1411,278,235,103,
4887,4537,4303,4165,4022,3873,3791,3521,3468,2679,2594,2297,1656,1573,841,779,720,4,
3712,3460,3219,2765,1722,1541,875,109,
4660,4218,4064,4036,3901,3666,3487,3437,3256,3100,2836,2156,1704,1642,1233,615,519,491,36,
4472,4388,4035,3692,3483,3344,2966,2826,2434,2022,1982,1939,1646,1422,1038,893,873,738,403,202,50,
4623,4560,4331,4140,3979,3188,3169,2927,2476,2029,1634,1528,1154,789,469,390,119,
4912,4770,4542,4487,4071,3879,3742,3694,3402,3272,1982,972,413,238,105,
4461,3796,3757,3321,3255,3041,2666,2085,1798,1768,1697,835,254,57,23,
4506,4502,4248,4205,4167,3742,2853,2387,2215,2049,1959,1940,1742,1641,1419,932,255,9,
4908,4697,4545,4480,4225,3671,3258,3044,2977,2762,2091,1872,1492,1103,974,772,597,519,425,390,172,52,
4740,4221,3844,3587,3310,3184,3039,2932,2702,1838,1677,1451,1186,526,510,64,
4727,4177,3922,3169,2328,2169,1974,1823,1694,1451,1150,882,675,553,258,
4270,3855,3760,3663,3429,2455,2253,1973,1931,1566,1121,870,463,337,67,49,
4768,3976,3809,3759,3606,3429,2379,2192,2144,1784,1476,626,479,80,
4471,3945,3845,3582,3480,2946,2886,2733,2600,2463,2294,2142,1785,1447,1296,1101,805,732,
4678,3628,3372,3013,2893,2104,1930,1905,1596,1405,984,
4911,4812,4660,3532,3045,2658,2301,2145,2111,2044,2038,1940,1925,1640,1555,1197,985,697,
4466,4202,3829,3703,3337,2902,1928,1099,877,759,361,163,42,34,
4467,4248,3976,3794,3386,2408,2384,2041,1376,1112,1002,980,545,371,363,221,48,
4855,4578,4356,4343,4174,4124,3647,3192,2649,2445,2441,2220,1823,1379,680,504,
4742,4602,4185,4015,3384,3091,2719,2496,2400,2359,1816,1516,1431,1429,1138,622,
4745,4534,4492,4114,4063,3927,3516,3016,2794,2734,2561,2429,1740,1669,1646,1408,434,281,
4710,4676,4451,4367,4251,3952,3904,3797,3647,3234,3179,3124,3055,2617,2607,2202,1168,935,648,400,
4437,3629,3184,3034,2908,2720,2513,2212,2108,1855,1582,1192,938,910,779,
4184,3897,3667,3522,3333,3270,3061,1544,1358,898,357,151,
4647,4259,3897,3701,3376,2646,2604,2558,2063,2018,1892,1749,1398,1252,1178,765,
4735,4709,4109,3396,2961,2945,2785,2581,2149,1840,1554,1467,1207,
4705,4435,3607,3474,3411,3230,2448,2250,2077,1773,1742,1669,1353,1132,845,775,670,661,200,
4815,4550,4464,4463,3127,2109,1263,806,489,436,175,
4659,4618,4543,4124,3718,3068,2908,2479,2281,1081,874,170,
4191,4124,3875,3809,3550,3210,3183,2787,2338,1967,1764,1669,1192,639,
4788,4649,4068,3927,3749,3393,3190,3070,2891,2704,2396,2310,2192,1761,1477,1290,1200,1148,977,934,756,279,214,
4657,4427,3349,2861,2719,2591,2043,1805,1763,1670,1062,876,393,317,
4307,4292,3497,3322,3044,2475,1555,1265,1143,876,746,328,
4888,4848,4526,4052,3593,3392,3062,2613,2327,1783,1773,1678,778,452,2,
4785,4022,3998,3943,2908,2822,2564,2401,1878,559,514,
4818,4620,4257,4165,3974,3462,2925,2853,2797,2638,2178,1809,1440,1332,830,648,607,550,307,158,
4546,4190,4176,4141,3989,3726,3493,3222,2743,2452,2224,2025,1815,1632,342,286,132,
4775,4504,3688,3202,1879,1783,1067,1044,857,648,385,122,76,
4052,3520,2951,2008,1971,1528,1381,1175,691,
4920,4238,4149,4099,4063,3713,3440,3176,2468,2446,1791,1726,1455,951,882,725,712,234,
4743,3863,2999,2990,2630,974,953,
4855,4741,4638,3709,3702,3610,3346,2691,2097,1984,1922,1848,1709,910,849,33,
4817,4551,4434,3990,3943,3459,3025,2739,2705,2458,2159,2127,1977,1151,1031,785,467,251,12,
4887,4625,4554,3974,3797,3501,2945,2361,2152,1985,1583,1251,811,662,603,219,
4475,4145,3932,3178,2694,2229,2206,1875,1609,1509,1400,1370,1329,859,634,
4808,4794,4555,4033,3953,3101,1796,1424,1389,1232,1078,886,330,
4687,4219,3434,2639,2332,2217,1895,1570,1054,868,309,39,28,
4670,4557,4551,4083,3734,2659,2434,2347,1837,1710,583,479,327,
4287,3003,2971,2228,1956,1686,1021,534,227,89,17,
4600,4535,4450,3845,3279,2841,1929,1577,1034,622,
4874,4596,4550,3832,3813,3591,2883,2630,2554,2210,1587,1271,1237,1206,930,794,562,518,153,15,
4729,4268,4067,3606,3513,2998,2811,2771,2667,2614,1561,1309,1225,676,76,
3959,3843,3223,3148,3085,2843,2596,2188,2175,1961,1656,1375,1078,795,711,682,344,
4841,4770,4686,4586,4052,3428,2968,2868,2719,2432,1761,1448,1034,700,655,504,39,
4787,4619,4508,4272,4181,3803,3777,3536,3234,2855,2755,2670,2375,2122,1677,1619,189,101,59,
4136,3716,3232,3123,2739,2069,1544,1094,742,701,445,46,9,
4922,3005,2987,2715,2611,2069,1846,1359,1061,1046,1023,933,931,250,79,
4671,4536,4397,4078,3752,3633,3483,3052,2999,2147,1575,1109,772,196,101,
4888,4730,4321,3829,3799,3432,2020,1990,1894,1877,1276,1119,518,217,
4786,3715,2810,2622,2533,2475,2218,1997,913,846,591,
4389,3872,3405,2765,2260,1895,1681,1598,1405,1094,360,236,
4852,4760,4658,3886,3570,3010,2967,2320,2220,2123,1764,1314,1024,692,
4368,4358,3988,3434,3368,3140,3007,2858,2834,2513,2242,2141,1814,1184,1105,774,
4381,3816,3180,2834,2599,2472,2403,2195,1682,1597,1393,1286,951,771,
3507,3463,2919,2230,2162,1915,1723,1316,1263,1168,854,564,389,77,
4693,4274,4082,3766,3264,3116,2729,2234,2071,1525,1254,1166,907,831,784,607,259,205,
3612,3472,2652,2342,2302,2134,1831,1422,1182,875,148,19,
4698,4312,3815,3655,3329,2506,2306,1800,1711,1552,1408,989,829,780,721,430,33,
4901,4040,3971,3845,3356,3195,3104,2829,2395,2022,1604,1585,1228,1071,1058,834,754,632,436,331,
4744,4108,3585,3134,2731,2443,2002,1500,1390,1286,955,
4298,2729,2523,2174,1882,1744,1372,831,481,277,
4889,4474,4350,3751,3057,2427,2074,1869,1628,1408,1173,880,556,476,300,220,
4576,4487,4313,3708,3303,3129,1849,1048,896,589,113,111,
4773,4579,4496,3988,3633,3351,2800,2558,2260,2042,1855,1690,1023,623,
4837,4740,4275,3533,3356,3230,3032,2979,2908,2117,1630,1053,591,491,
4784,4615,4444,4373,3994,3069,2735,2496,2362,1060,735,720,336,179,
4200,3921,3254,2882,2212,2195,2046,1830,1775,909,804,615,591,443,404,296,
4237,4108,3563,3472,3445,3226,2763,1207,71,
4657,4651,4604,3553,3349,2751,2525,2338,1805,1199,1102,1054,451,60,18,
4464,3868,3853,3381,3365,3339,3294,2894,2830,2335,2327,2230,1887,1845,1445,1234,982,567,300,191,150,11,
4789,4613,4533,4268,4164,4082,3957,3542,3254,3063,2662,2343,2298,1387,1301,1191,749,702,555,518,306,68,
4376,4262,3857,3755,3438,3135,3081,2543,1636,1254,1156,890,385,301,205,
4572,4373,4192,3880,2334,2238,2006,1860,1803,1089,968,149,
4335,3903,3569,2870,2412,1709,1575,1162,624,529,499,180,72,
4910,4728,4631,3773,3223,3038,2870,2692,2526,2110,1792,1473,797,274,12,
4390,4381,4070,3894,3843,2555,2405,2118,1041,887,451,313,80,41,
4542,4326,4082,3786,3203,2591,2532,2265,2002,1321,753,462,
4206,4090,3842,3389,3131,2471,2335,1475,1469,925,882,24,
4767,3824,3274,3224,2713,2501,2442,2200,1932,1798,1642,1517,1342,1135,1012,847,618,214,
4823,4165,3719,3408,3231,3110,2341,2166,2150,2086,1374,1358,1114,725,279,
4896,4601,4554,4467,4341,4074,3545,3362,2141,1990,1883,1696,1428,1271,995,872,553,394,150,
4721,4530,4085,3964,3569,3339,2787,2489,2175,2108,1126,846,259,193,46,
4890,4291,4087,3608,3528,3449,3359,3267,2827,2510,2283,2009,1613,1403,1306,1068,847,367,
4606,4498,3286,3259,2984,2600,2544,2291,2061,1944,1708,1645,1584,1363,845,639,
4734,4499,4295,4134,3797,3788,3530,3284,2971,2626,2560,2523,2100,1880,1599,1556,1541,1320,767,753,635,571,252,17,
4635,4318,4206,3894,3657,3649,2316,2178,1508,1455,1221,1132,716,643,540,92,
4517,4447,4272,3815,3364,2931,2914,2846,2731,2286,1830,1605,1403,859,826,
4267,3268,3070,2923,2584,2383,1950,432,105,
4674,3898,2958,2313,1885,1837,1142,975,938,194,
4866,4754,4057,3695,3565,2878,2859,1997,749,565,132,14,
4799,4434,4227,3917,3853,3119,2974,2845,2535,2158,1849,1776,1699,909,170,
4900,4859,4689,3806,3661,3620,3152,2794,2689,2340,2275,1919,1815,1540,1473,1380,1253,833,620,395,118,90,
4768,4686,4642,3880,3686,3567,3364,3334,3015,2911,2820,2653,1987,1852,1204,
4066,4044,3566,3025,2858,2726,2636,2181,1821,1659,1377,1160,1056,1005,801,738,
4792,4712,4612,4511,3696,3207,2273,2192,2183,1693,1514,1201,551,244,201,125,123,
4656,4182,3760,3530,3420,3164,3095,2997,2851,2811,2464,1870,1727,1310,994,744,594,314,167,94,
4723,4429,4357,3597,3378,3193,2167,2156,2068,1708,1302,1267,963,795,709,610,485,24,
4655,4294,3629,3352,3102,2976,2703,2430,2184,1696,1361,1353,1112,1036,1004,619,603,467,224,
4772,4631,4552,4528,4273,3990,3171,3160,2716,1905,1739,1596,1189,1043,688,285,
4828,4673,3536,3351,2234,2107,1953,1454,1169,850,454,227,
4679,4337,3987,3672,3086,2942,2873,2741,2421,2237,2150,2013,1933,1370,1266,1227,1121,855,764,111,34,
4729,4416,4195,3369,2965,2940,2798,2467,1954,1397,902,220,
4556,4003,3952,3748,3451,3192,3185,2948,2735,2416,2247,1390,1121,1117,1094,1058,958,581,490,
4656,4556,3406,3336,3086,3043,2924,2820,2734,2646,2556,2520,2254,2221,2072,1231,581,200,109,
4917,4682,4302,4038,3698,3395,3178,2649,2517,2370,1698,1624,1238,916,696,65,
4717,4482,4472,4208,3502,3484,3348,3101,2787,2743,2687,2337,1240,874,691,455,89,
4723,3900,3801,3380,2836,2675,2188,1758,1390,969,756,150,18,
4771,4633,4385,4311,4031,3856,3478,2893,2734,2710,2470,2316,2172,1986,1816,1253,1122,1054,30,
4818,4427,4260,4022,3807,3786,3704,2851,2804,2793,2643,2463,2205,1594,1320,642,361,326,4,
4773,4639,4080,3526,3333,2634,1992,1976,1720,1427,1376,1034,
4883,4752,4723,4586,4485,3767,3524,3492,2863,1977,1662,1518,1284,279,190,
4900,4710,4593,3512,3408,3181,3031,3006,2880,2292,1049,1013,703,562,
4723,3960,3584,2955,2826,2156,1991,1656,1505,1135,823,596,
4863,4789,4137,3723,3659,2190,2048,1460,838,370,78,29,
4741,4432,4292,3865,2964,2621,2450,1870,1858,1270,966,881,704,567,
4830,4656,4516,3934,3899,3808,3486,3450,3364,3037,2820,2669,2033,1715,1610,1453,1398,1079,999,685,
4392,4236,4041,3973,3610,2698,2071,1950,1622,1225,1046,833,794,740,587,
4863,4603,4366,4334,4006,3670,3519,1886,1761,1366,1279,616,433,229,
4885,4447,4161,4111,4038,3632,3515,3311,3190,3016,2892,2768,2344,2336,1453,1087,1026,951,856,135,
4911,4803,4323,3722,3427,3385,3179,3013,2875,2433,2233,2043,1481,1371,923,466,
4866,4541,4204,4092,4020,3848,3682,3558,3355,2949,2474,1451,1312,750,723,668,412,71,
4706,4496,4421,4295,3565,3031,2587,2262,2052,1771,1025,1002,443,257,30,
4853,4071,3574,3445,3252,3168,3053,2876,2470,1427,1234,1067,666,546,321,20,
4660,4424,3632,3037,2605,2538,2437,2352,2220,2012,1915,1424,1223,683,394,227,171,
4106,3725,3671,3611,3196,2750,1626,1244,1161,685,256,222,32,
4474,4394,4285,4196,3956,3785,3721,3298,3113,3079,2454,2110,1997,1890,1858,1146,1028,329,26,
4830,4333,4139,4085,3847,3689,2698,1791,1081,847,762,638,206,
4852,4407,3984,3595,3473,3367,2469,2360,2151,1542,1507,1503,1404,1314,528,341,189,52,
4819,3945,3499,3113,3039,2951,2916,2640,2393,2019,1973,1784,1482,1228,999,586,463,427,417,340,
4639,4629,4522,4511,3707,3157,3106,3068,2884,2845,2559,2425,2219,1706,1597,969,902,491,
4815,4186,3980,3894,3450,3164,2966,2589,2515,2468,2273,2151,1697,1675,1392,1154,851,823,772,460,121,4,
4752,3910,3737,3367,3233,3148,3070,2852,2587,2438,2043,1747,1642,1290,1193,871,690,564,470,0,
4867,4296,3646,3357,3238,3142,2285,2258,1903,1579,1527,1320,253,
4715,4289,3920,3741,3336,3106,3031,2542,2166,1438,1310,765,705,588,8,
4217,4170,3958,3883,3684,3476,3246,3133,2853,2708,2552,2510,1789,1586,1402,1226,1043,929,840,793,313,131,
4883,4647,4480,3984,2991,2711,2526,1781,1257,829,781,252,156,43,
4763,4743,4285,3979,3858,3753,3615,2951,2888,2663,2631,1975,1589,1396,733,484,0,
4167,3765,3514,3090,2911,2864,2223,1819,1493,1310,597,73,
4866,4692,4422,4346,4074,3792,3629,3408,3396,3277,3030,2994,2709,2315,2239,2166,1622,1331,979,872,799,528,
4877,4726,4609,4502,4116,4048,3958,3266,3197,2852,2365,1971,1715,964,651,
4805,4627,4571,4316,3239,3114,2957,2883,2054,1785,1476,1079,449,
4805,4526,4310,4115,3942,3826,3802,3576,3535,3082,2727,2522,2451,2318,2233,1972,1800,1612,1531,1429,1277,114,
3729,3324,3069,2721,2415,1952,1646,1136,939,739,584,568,333,
4515,2563,2300,1787,1379,1259,1231,793,529,246,95,80,33,
4864,4103,3371,3323,2692,2575,1811,1469,822,713,234,
4881,4204,3974,3845,3312,2665,2616,2436,2276,2017,1486,1343,665,519,270,72,49,
4212,3469,3298,2551,2524,2392,2230,2111,1999,1821,1317,1262,980,907,813,749,638,297,168,
4613,4366,4336,4053,3935,3798,2801,2631,2259,2174,1664,1102,213,
4770,3570,3394,2860,2575,2484,2055,1804,1384,1316,1184,730,609,454,
3846,3541,3308,3070,2776,2579,2542,2398,1993,1712,1589,610,299,205,
4449,3933,3533,3197,2766,2726,2538,2364,2309,2239,1613,1554,1023,748,566,563,
4663,4562,4087,3148,2677,2328,2101,1881,1437,1038,990,938,122,3,
4650,4399,4364,4071,3678,3061,2703,2696,2469,2029,1733,1119,754,708,569,535,180,
4727,4510,4292,4137,3969,2872,2140,2128,2019,1539,620,547,
4660,4538,4019,3941,3544,3132,2805,2490,2234,1651,990,500,351,23,
4485,4162,4117,3641,3479,3001,2655,2432,1912,1785,1538,1367,1180,712,557,404,336,128,69,
4782,4734,4535,4491,4146,3237,2580,2533,2239,2114,2001,1982,1736,1655,1526,894,710,240,30,
4821,4736,4478,4383,4293,3801,3335,3292,3289,2807,2715,2601,1907,1584,1324,1038,910,779,234,154,
4915,4267,3916,3100,2604,2514,2461,2393,1906,1861,1777,1675,1349,784,589,283,244,201,
4842,4690,4627,4595,4142,4138,4005,3864,3358,3312,3202,3110,3019,2472,2064,1834,1516,875,807,382,347,37,21,
4797,4760,4607,4289,4256,4074,3643,3272,3172,3146,2840,2814,2265,2020,1872,1610,875,
4132,3755,3523,3277,2686,2570,2443,1637,1358,1174,1139,1062,499,
4846,4754,4567,4113,3772,3545,3441,3430,3393,3267,3136,2480,2438,2249,1741,1556,1504,295,88,
4799,4359,4320,4196,4012,3837,3754,3375,2237,2012,1931,1641,1025,32,
4064,3618,3277,3231,3055,2985,2396,2295,1970,1838,1726,1680,1552,1211,757,578,420,216,
4835,4664,4518,4308,4071,3662,3506,3252,3182,2777,2515,2430,1172,1021,960,861,421,328,110,
4674,4391,4242,3700,3169,3005,2625,1985,1754,1518,1357,1091,691,298,12,
3931,3797,3727,3460,3422,2395,2017,983,640,617,360,220,
4782,4632,4559,4438,4356,4107,3776,3510,3356,3292,2997,2739,2709,2642,2260,2249,1761,1673,1490,1099,846,394,58,
4852,4831,4444,3977,3502,3472,3428,3088,2724,2635,2502,1892,1742,1186,169,95,
4726,4414,4146,3726,3657,3568,3309,3220,3188,3024,2804,2233,2069,1586,1326,880,448,53,22,
4757,4694,4659,3826,3697,3312,3129,2897,2637,2464,2437,1906,1229,1015,965,708,336,
4710,4372,3883,3375,3209,3177,2633,2513,2300,1919,1526,1385,867,700,409,163,
4680,4411,4307,4092,3771,3468,2449,2389,1716,1582,1386,1333,808,739,
4889,4826,4655,4476,4204,3946,3381,3244,3199,3015,2859,2633,2290,2117,893,37,
4518,4476,4427,4048,3956,3880,3853,3817,3694,3519,3508,3108,2708,2569,2432,2177,1921,1053,758,599,534,
4671,4363,4135,3630,3194,2302,1664,1243,692,39,
4905,4832,4673,4157,4060,3900,3836,3181,3164,1071,992,664,455,
4892,4763,4171,4103,3607,2953,2881,2508,2044,1819,1384,720,
4773,4490,4315,4306,4154,3599,3521,3442,3322,3260,2731,2502,2037,1833,1700,1617,1209,1113,1062,996,923,18,
4890,4673,4501,4017,3820,3420,3299,2081,2022,1837,1642,1403,1180,86,
4042,3959,3165,2819,2418,2291,1968,1812,1634,1440,1091,833,263,6,
4731,4611,4491,3646,3580,3058,2859,2850,2673,1688,1265,693,647,416,
4896,4189,3759,3690,3313,3250,3143,2382,2349,2248,1656,1651,1452,1366,299,
4256,3858,3711,3463,3263,2982,2433,1929,1916,1675,1458,598,337,306,164,
4820,4431,4418,4262,3801,3533,3285,3204,2621,2456,2180,2014,1891,1405,1325,1205,955,874,705,534,
4196,4111,2588,2519,2059,847,585,244,185,0,
4870,3667,3577,3326,3170,2939,2783,2751,2710,2584,2428,2241,2170,1751,1474,1126,445,409,
4625,4257,2479,2259,1748,1720,1343,1053,903,816,
4102,3963,3766,3547,3426,3423,3298,3232,3044,2666,2616,2060,1997,1682,1672,1487,1011,761,448,
4629,4040,3709,3495,3385,2842,2561,2207,2080,1714,1628,1050,486,257,46,
3639,2613,2110,1676,1584,749,266,224,
4625,4499,4406,4091,4071,3873,3356,3086,2998,2088,1855,1465,788,478,324,207,79,
4830,4431,3714,3531,3448,3060,2490,2446,2173,1974,1724,66,
4839,4767,3279,3056,2774,2567,2541,2459,2346,2216,1921,1881,558,494,36,
4685,4065,3836,3583,2975,2945,2326,1607,818,540,
4593,4467,4375,4301,4137,3756,3155,2805,2674,2394,2192,2125,1971,1660,1393,821,696,463,419,378,207,54,
4412,4317,4204,3366,3243,2603,1915,1681,1252,507,
4606,4474,4335,3671,3598,3155,3004,2934,2338,1246,947,551,299,192,131,28,13,
4599,4309,4152,3950,3107,1719,1515,1451,1004,901,663,557,378,83,
4645,4613,4370,4196,4049,3845,3647,2768,2356,2323,1992,1784,1211,1156,1006,176,25,
4823,4207,3857,3565,3328,3051,2790,2671,2615,2494,2342,2286,2278,2160,1605,1597,1376,1169,1000,786,672,67,
4873,3912,3558,3281,3143,2975,2809,2670,2471,2330,2205,1214,1189,839,607,508,182,
4907,4822,4654,3889,3752,3556,3281,3085,2939,2918,2838,2073,1766,1452,1234,965,954,831,773,0,
4638,4297,4137,2947,2587,1776,1459,1297,1160,808,714,639,466,
4501,4108,4094,3545,3235,3079,2883,2516,2134,1431,1351,1122,1041,785,347,245,136,14,
4391,4300,3727,3464,3335,3195,2945,2852,2084,1991,1859,1644,1059,648,642,320,252,168,
4699,4108,3749,3367,3223,3047,2839,2476,2379,2169,1747,1469,1140,438,
4677,3963,3672,3131,2955,2759,2633,1944,1640,1524,466,268,118,
4893,4726,4576,4060,3184,3045,2947,2575,2410,2237,2201,599,137,
4518,4143,3838,3336,3261,2864,2372,2314,2266,1894,1779,1734,1347,1249,989,366,238,60,18,
4772,4571,4158,3809,3203,2980,2613,1734,1567,1532,464,228,55,
4741,4649,3850,3759,3123,2653,2224,1998,401,393,350,191,
4773,4526,4254,3972,3788,3173,2948,2316,2274,2210,2032,2013,1788,1725,1223,
4770,4749,4556,4553,4156,4079,3902,3792,2824,2727,2521,2198,2103,1583,1391,910,764,706,424,398,116,
4707,4663,4213,3879,3066,2310,2285,1483,706,404,
4911,4559,3997,3622,3571,3064,2818,2657,2651,1408,1093,516,471,182,
4758,4282,4135,3993,3918,3854,3724,3270,3162,3118,2681,2510,2311,1999,1776,1529,1140,
4905,4848,4775,4100,3754,3460,3321,3129,2573,2552,2373,2257,2123,2005,1653,1323,1269,569,498,365,364,81,
4900,4597,4430,3952,3613,2938,2364,1735,1430,1337,868,748,707,702,
4669,4526,4435,4390,3733,3234,2882,2083,1702,1546,1143,1099,841,270,33,
4504,3264,3178,3001,2703,2689,2352,2232,2107,1889,1467,1337,1298,1095,1053,530,243,
4912,4296,4073,3963,3953,3938,3289,2154,1584,1295,1191,979,211,
4148,4122,3757,3688,3063,3033,2202,1618,1164,1013,910,503,
3130,2926,2790,2160,1794,1125,1089,857,667,601,494,450,
4486,4309,4073,3974,3359,2855,2759,1945,948,904,872,
4766,4647,4279,4129,3302,2260,1994,1969,1757,1516,1489,1393,1112,542,316,137,
4801,4758,4721,4667,4560,3858,3749,3468,3260,3075,3070,2361,2346,202,
4376,3982,3848,3459,3329,3277,2925,2708,2653,2474,2253,1842,1456,337,137,
4551,4448,4186,4064,3863,1938,1504,1467,1355,1227,1147,786,292,
4808,3871,3799,3607,3529,3451,3071,2975,2603,2078,1995,1835,1600,874,343,
4907,4536,4206,4065,3643,3510,3112,3083,2643,1850,1748,1396,1289,776,731,613,
4857,4328,4206,2623,2497,2323,2311,2202,1990,1379,1140,883,829,740,
4736,4726,4685,4153,3647,3618,3214,2937,2841,2570,1954,1629,1587,929,552,512,500,165,
4827,4436,3867,3399,3232,2783,1277,967,923,670,519,438,319,150,134,
4772,4475,4001,3576,3478,3337,2805,2362,1968,1430,836,323,
3764,3564,3441,2946,2636,2332,2219,2184,1819,1335,961,204,
4237,3943,3854,3701,3487,3318,3135,2952,2501,2073,1789,1556,1527,1321,713,460,
4772,4010,3701,3579,3514,3503,2929,2732,921,803,416,18,
4779,4546,4349,4282,3945,3913,3554,3197,2854,2373,2013,1124,987,787,637,504,454,169,109,
4621,4531,4501,3833,3572,3173,3049,2749,2746,2559,2146,2078,934,669,117,67,
4755,4610,4458,4437,3964,3695,3489,3464,3232,2750,2564,1628,1006,506,496,
4867,4829,4475,4311,3928,3897,3839,3294,3229,2624,2536,2337,2098,2094,1955,1821,1750,1266,976,507,
4720,4388,3887,2455,1250,1136,950,834,730,96,
4503,4166,3978,3605,3283,3189,3051,2009,1937,603,469,396,104,
3958,2952,2948,2313,2003,1542,1285,812,636,57,
4757,4650,4518,4281,3824,3803,2982,2455,2337,1588,1184,542,391,
4576,4405,4069,3961,3906,3170,3011,2843,2752,2215,2040,1293,784,691,555,
4871,4004,3558,3134,2937,2551,2408,2359,1790,1519,1367,1086,977,610,526,498,
4580,3725,3579,3549,3236,3124,2823,2817,2515,1904,1694,1289,1187,659,310,301,134,6,
4838,4740,4585,3729,3229,2869,1901,1867,202,
