1,526,197,127,735,1499,
1,216,1086,1384,607,760,567,1441,1499,
1,740,313,534,99,429,726,1138,1499,
1,64,310,627,666,477,647,4,161,597,1466,1499,
1,848,652,1393,1499,
1,885,520,1314,657,957,507,796,685,1499,
1,223,996,797,246,550,732,959,1499,
1,511,639,1317,879,1499,
1,461,844,1290,1499,
1,311,507,583,390,1290,1278,696,1148,1499,
1,414,690,1499,
1,876,878,1063,721,1499,
1,400,783,618,915,117,845,832,1301,487,11,899,935,1387,1499,
1,357,30,31,440,1041,1499,
1,760,1011,474,529,1278,1499,
1,434,612,442,337,280,953,823,1451,921,714,1499,
1,96,710,664,1122,658,1499,
1,820,981,1499,
1,669,1038,1050,795,1025,1239,1088,1499,
1,287,652,535,532,449,754,1123,622,775,678,1499,
1,872,1075,1499,
1,246,201,223,531,1103,704,1418,621,1499,
1,621,1331,664,1347,1382,1499,
1,71,362,741,239,1070,1499,
1,444,852,806,1499,
1,191,263,81,672,1499,
1,174,154,418,957,1163,1064,1440,569,1241,554,1010,1039,982,1499,
1,377,591,1354,1030,1410,624,835,373,1155,1499,
1,194,415,1257,918,1499,
1,854,612,387,374,444,1137,1499,
1,357,834,445,980,1020,144,900,506,709,1499,
1,763,266,1032,1446,1200,873,1472,1499,
1,445,294,177,738,615,1499,
1,774,1324,1287,1300,1427,1499,
1,533,589,1413,638,338,633,1499,
1,435,853,1147,1499,
1,136,351,520,163,1049,1005,1193,870,1067,1499,
1,844,764,437,754,1311,854,797,1499,
1,137,889,93,649,858,1397,928,309,621,1445,1499,
1,59,826,181,402,789,1090,1285,821,489,575,1244,682,1499,
1,481,431,537,37,924,1499,
1,156,921,1196,779,1490,1325,1499,
1,190,801,982,946,545,987,1102,1499,
1,670,1499,
1,839,261,997,1288,945,1170,1417,1499,
1,388,1154,450,1130,1296,410,862,1293,1499,
1,886,1171,1062,1499,
1,826,951,677,1109,1368,1499,
1,452,462,704,614,721,366,1246,1499,
1,505,388,784,616,1499,
1,430,61,897,803,1011,900,1499,
1,17,146,305,780,1499,
1,340,603,395,1232,1151,872,982,1499,
1,178,504,606,741,1499,
1,102,434,267,1079,1031,1093,1236,1169,854,1499,
1,298,818,1347,1042,642,1345,1499,
1,900,790,1078,848,1499,
1,87,349,534,878,1000,1499,
1,634,1477,617,908,756,684,1116,1499,
1,493,462,679,1499,
1,273,185,968,1266,1292,554,676,1390,1499,
1,542,1022,379,1117,1499,
1,321,1014,177,580,1020,674,1109,1499,
1,748,1042,565,628,95,366,1084,1015,1499,
1,840,536,282,672,1499,
1,344,259,378,772,1383,1499,
1,465,1153,1499,
1,873,105,910,444,371,584,832,1499,
1,381,605,1030,1480,684,166,996,644,1499,
1,731,481,259,1003,168,620,1137,1499,
1,170,290,509,534,809,1142,1499,
1,178,931,1158,700,1499,
1,505,1165,329,66,860,947,923,1499,
1,868,1174,706,550,400,1178,978,1499,
1,723,211,1053,1478,1499,
1,687,1108,1189,389,874,831,1499,
1,815,285,1053,216,768,1499,
1,31,894,917,1318,877,1242,926,1499,
1,636,1076,1198,1499,
1,599,85,614,436,405,338,485,1060,925,635,1499,
1,6,501,237,39,691,1429,1432,1499,
1,748,1260,501,413,702,1361,898,1499,
1,694,803,1222,1088,201,967,1008,1263,363,909,9,640,1499,
1,273,755,677,647,1367,674,1499,
1,788,1499,
1,496,952,476,587,466,777,1499,
1,426,1156,322,726,538,212,497,298,523,855,1035,1499,
1,873,754,1008,1499,
1,193,864,758,660,1499,
1,206,481,813,1027,601,686,1499,
1,693,938,154,1037,1412,705,1499,
1,590,1439,934,798,1060,1499,
1,183,233,118,912,821,1499,
1,497,631,1195,678,1333,1055,1479,1499,
1,103,158,178,464,919,895,1079,818,632,1499,
1,328,1177,490,1386,1033,1499,
1,164,806,746,811,1309,1308,1499,
1,891,1383,628,1499,
1,194,416,369,246,74,70,879,1499,
1,502,1319,1499,
